회차,추첨일,1등 당첨금액,1등 당첨자수,1등 번호
1,2002-12-07,0원,0명,"10, 23, 29, 33, 37, 40"
2,2002-12-14,"2,002,006,800원",1명,"9, 13, 21, 25, 32, 42"
3,2002-12-21,"2,000,000,000원",1명,"11, 16, 19, 21, 27, 31"
4,2002-12-28,0원,0명,"14, 27, 30, 31, 40, 42"
5,2003-01-04,0원,0명,"16, 24, 29, 40, 41, 42"
6,2003-01-11,"6,574,451,700원",1명,"14, 15, 26, 27, 40, 42"
7,2003-01-18,0원,0명,"2, 9, 16, 25, 26, 40"
8,2003-01-25,0원,0명,"8, 19, 25, 34, 37, 39"
9,2003-02-01,0원,0명,"2, 4, 16, 17, 36, 39"
10,2003-02-08,"6,430,437,900원",13명,"9, 25, 30, 33, 41, 44"
11,2003-02-15,"4,780,152,300원",5명,"1, 7, 36, 37, 41, 42"
12,2003-02-22,"1,348,845,700원",12명,"2, 11, 21, 25, 39, 45"
13,2003-03-01,0원,0명,"22, 23, 25, 37, 38, 42"
14,2003-03-08,"9,375,048,300원",4명,"2, 6, 12, 31, 33, 40"
15,2003-03-15,"17,014,245,000원",1명,"3, 4, 16, 30, 31, 37"
16,2003-03-22,"4,377,146,100원",4명,"6, 7, 24, 37, 38, 40"
17,2003-03-29,"5,349,491,200원",3명,"3, 4, 9, 17, 32, 37"
18,2003-04-05,0원,0명,"3, 12, 13, 19, 32, 35"
19,2003-04-12,"40,722,959,400원",1명,"6, 30, 38, 39, 40, 43"
20,2003-04-19,"19,352,212,800원",1명,"10, 14, 18, 20, 23, 30"
21,2003-04-26,"797,475,400원",23명,"6, 12, 17, 18, 31, 32"
22,2003-05-03,"4,552,194,900원",4명,"4, 5, 6, 8, 17, 39"
23,2003-05-10,"4,317,947,700원",4명,"5, 13, 17, 18, 33, 42"
24,2003-05-17,0원,0명,"7, 8, 27, 29, 36, 43"
25,2003-05-24,"24,227,745,300원",2명,"2, 4, 21, 26, 43, 44"
26,2003-05-31,"3,495,069,900원",5명,"4, 5, 7, 18, 20, 25"
27,2003-06-07,"9,543,982,500원",2명,"1, 20, 26, 28, 37, 43"
28,2003-06-14,"1,700,361,100원",10명,"9, 18, 23, 25, 35, 37"
29,2003-06-21,"3,552,594,000원",5명,"1, 5, 13, 34, 39, 40"
30,2003-06-28,"8,728,555,500원",2명,"8, 17, 20, 35, 36, 44"
31,2003-07-05,"8,106,672,900원",2명,"7, 9, 18, 23, 28, 35"
32,2003-07-12,"1,634,528,300원",10명,"6, 14, 19, 25, 34, 44"
33,2003-07-19,"14,903,517,600원",1명,"4, 7, 32, 33, 40, 41"
34,2003-07-26,"3,056,918,000원",5명,"9, 26, 35, 37, 40, 42"
35,2003-08-02,"5,054,598,200원",3명,"2, 3, 11, 26, 37, 43"
36,2003-08-09,"16,014,475,800원",1명,"1, 10, 23, 26, 28, 40"
37,2003-08-16,"4,985,999,400원",3명,"7, 27, 30, 33, 35, 37"
38,2003-08-23,"5,374,866,400원",3명,"16, 17, 22, 30, 37, 43"
39,2003-08-30,"2,623,748,800원",6명,"6, 7, 13, 15, 21, 43"
40,2003-09-06,"1,147,652,400원",13명,"7, 13, 18, 19, 25, 26"
41,2003-09-13,0원,0명,"13, 20, 23, 35, 38, 43"
42,2003-09-20,"6,899,280,100원",6명,"17, 18, 19, 21, 23, 32"
43,2003-09-27,"17,749,630,800원",1명,"6, 31, 35, 38, 39, 44"
44,2003-10-04,"3,362,155,800원",5명,"3, 11, 21, 30, 38, 45"
45,2003-10-11,"8,356,417,800원",2명,"1, 10, 20, 27, 33, 35"
46,2003-10-18,"5,327,758,800원",3명,"8, 13, 15, 23, 31, 38"
47,2003-10-25,"3,250,042,400원",5명,"14, 17, 26, 31, 36, 45"
48,2003-11-01,"2,415,673,600원",6명,"6, 10, 18, 26, 37, 38"
49,2003-11-08,"1,967,504,600원",7명,"4, 7, 16, 19, 33, 40"
50,2003-11-15,"5,227,061,400원",3명,"2, 10, 12, 15, 22, 44"
51,2003-11-22,"2,421,117,000원",6명,"2, 3, 11, 16, 26, 44"
52,2003-11-29,"3,900,844,900원",4명,"2, 4, 15, 16, 20, 29"
53,2003-12-06,"5,014,371,000원",3명,"7, 8, 14, 32, 33, 39"
54,2003-12-13,"5,148,626,600원",3명,"1, 8, 21, 27, 36, 39"
55,2003-12-20,"7,088,799,600원",2명,"17, 21, 31, 37, 40, 44"
56,2003-12-27,"3,777,570,900원",4명,"10, 14, 30, 31, 33, 37"
57,2004-01-03,"4,114,411,900원",4명,"7, 10, 16, 25, 29, 44"
58,2004-01-10,"3,676,429,200원",4명,"10, 24, 25, 33, 40, 44"
59,2004-01-17,"4,127,587,300원",4명,"6, 29, 36, 39, 41, 45"
60,2004-01-24,"2,172,504,600원",7명,"2, 8, 25, 36, 39, 42"
61,2004-01-31,"3,541,038,800원",5명,"14, 15, 19, 30, 38, 43"
62,2004-02-07,"15,817,286,400원",1명,"3, 8, 15, 27, 29, 35"
63,2004-02-14,"7,922,245,500원",2명,"3, 20, 23, 36, 38, 40"
64,2004-02-21,"3,899,818,000원",4명,"14, 15, 18, 21, 26, 36"
65,2004-02-28,"3,727,945,800원",4명,"4, 25, 33, 36, 40, 43"
66,2004-03-06,"3,685,138,200원",4명,"2, 3, 7, 17, 22, 24"
67,2004-03-13,"2,114,436,500원",7명,"3, 7, 10, 15, 36, 38"
68,2004-03-20,"2,945,882,100원",5명,"10, 12, 15, 16, 26, 39"
69,2004-03-27,"4,962,712,200원",3명,"5, 8, 14, 15, 19, 39"
70,2004-04-03,"5,031,277,800원",3명,"5, 19, 22, 25, 28, 43"
71,2004-04-10,0원,0명,"5, 9, 12, 16, 29, 41"
72,2004-04-17,"3,260,524,600원",13명,"2, 4, 11, 17, 26, 27"
73,2004-04-24,"2,766,662,100원",6명,"3, 12, 18, 32, 40, 43"
74,2004-05-01,"5,284,949,800원",3명,"6, 15, 17, 18, 35, 40"
75,2004-05-08,"3,914,616,900원",4명,"2, 5, 24, 32, 34, 44"
76,2004-05-15,"7,451,022,600원",2명,"1, 3, 15, 22, 25, 37"
77,2004-05-22,"5,155,758,600원",3명,"2, 18, 29, 32, 43, 44"
78,2004-05-29,"3,519,850,000원",4명,"10, 13, 25, 29, 33, 35"
79,2004-06-05,"3,416,443,800원",4명,"3, 12, 24, 27, 30, 32"
80,2004-06-12,"13,809,540,000원",1명,"17, 18, 24, 25, 26, 30"
81,2004-06-19,"2,714,288,880원",5명,"5, 7, 11, 13, 20, 33"
82,2004-06-26,"14,562,494,400원",1명,"1, 2, 3, 14, 27, 42"
83,2004-07-03,"7,086,948,300원",2명,"6, 10, 15, 17, 19, 34"
84,2004-07-10,"7,669,779,000원",2명,"16, 23, 27, 34, 42, 45"
85,2004-07-17,"3,462,109,800원",4명,"6, 8, 13, 23, 31, 36"
86,2004-07-24,"14,252,186,400원",1명,"2, 12, 37, 39, 41, 45"
87,2004-07-31,"1,799,358,055원",11명,"4, 12, 16, 23, 34, 43"
88,2004-08-07,"3,069,709,650원",4명,"1, 17, 20, 24, 30, 41"
89,2004-08-14,"4,248,321,900원",3명,"4, 26, 28, 29, 33, 40"
90,2004-08-21,"3,291,435,300원",4명,"17, 20, 29, 35, 38, 44"
91,2004-08-28,"3,582,902,400원",4명,"1, 21, 24, 26, 29, 42"
92,2004-09-04,"1,233,270,846원",11명,"3, 14, 24, 33, 35, 36"
93,2004-09-11,"2,269,178,150원",6명,"6, 22, 24, 36, 38, 44"
94,2004-09-18,"2,245,339,950원",6명,"5, 32, 34, 40, 41, 45"
95,2004-09-25,"1,747,741,238원",8명,"8, 17, 27, 31, 34, 43"
96,2004-10-02,"1,847,133,515원",7명,"1, 3, 8, 21, 22, 31"
97,2004-10-09,"1,496,214,000원",9명,"6, 7, 14, 15, 20, 36"
98,2004-10-16,"3,177,972,300원",4명,"6, 9, 16, 23, 24, 32"
99,2004-10-23,"2,169,219,050원",6명,"1, 3, 10, 27, 29, 37"
100,2004-10-30,"3,315,315,525원",4명,"1, 7, 11, 23, 37, 42"
101,2004-11-06,"2,707,297,500원",5명,"1, 3, 17, 32, 35, 45"
102,2004-11-13,"1,457,153,067원",9명,"17, 22, 24, 26, 35, 40"
103,2004-11-20,"1,691,589,563원",8명,"5, 14, 15, 27, 30, 45"
104,2004-11-27,"6,610,743,750원",2명,"17, 32, 33, 34, 42, 44"
105,2004-12-04,"3,416,781,450원",4명,"8, 10, 20, 34, 41, 45"
106,2004-12-11,"810,461,157원",16명,"4, 10, 12, 22, 24, 33"
107,2004-12-18,"6,679,927,800원",2명,"1, 4, 5, 6, 9, 31"
108,2004-12-25,"1,998,900,772원",7명,"7, 18, 22, 23, 29, 44"
109,2005-01-01,"1,246,838,200원",12명,"1, 5, 34, 36, 42, 44"
110,2005-01-08,"4,566,262,000원",3명,"7, 20, 22, 23, 29, 43"
111,2005-01-15,"2,199,047,450원",6명,"7, 18, 31, 33, 36, 40"
112,2005-01-22,"1,567,271,167원",9명,"26, 29, 30, 33, 41, 42"
113,2005-01-29,"1,561,528,934원",9명,"4, 9, 28, 33, 36, 45"
114,2005-02-05,"2,362,345,050원",6명,"11, 14, 19, 26, 28, 41"
115,2005-02-12,"1,488,589,567원",9명,"1, 2, 6, 9, 25, 28"
116,2005-02-19,"1,997,747,315원",7명,"2, 4, 25, 31, 34, 37"
117,2005-02-26,"1,558,378,334원",9명,"5, 10, 22, 34, 36, 44"
118,2005-03-05,"1,297,989,720원",10명,"3, 4, 10, 17, 19, 22"
119,2005-03-12,"1,474,899,400원",9명,"3, 11, 13, 14, 17, 21"
120,2005-03-19,"4,364,530,300원",3명,"4, 6, 10, 11, 32, 37"
121,2005-03-26,"6,839,648,100원",2명,"12, 28, 30, 34, 38, 43"
122,2005-04-02,"1,450,073,800원",9명,"1, 11, 16, 17, 36, 40"
123,2005-04-09,"2,532,982,680원",5명,"7, 17, 18, 28, 30, 45"
124,2005-04-16,"1,395,936,267원",9명,"4, 16, 23, 25, 29, 42"
125,2005-04-23,"1,754,870,786원",7명,"2, 8, 32, 33, 35, 36"
126,2005-04-30,"1,369,301,500원",9명,"7, 20, 22, 27, 40, 43"
127,2005-05-07,"1,965,939,150원",6명,"3, 5, 10, 29, 32, 43"
128,2005-05-14,"2,064,043,100원",6명,"12, 30, 34, 36, 37, 45"
129,2005-05-21,"1,093,629,655원",11명,"19, 23, 25, 28, 38, 42"
130,2005-05-28,"3,036,496,650원",4명,"7, 19, 24, 27, 42, 45"
131,2005-06-04,"1,451,214,488원",8명,"8, 10, 11, 14, 15, 21"
132,2005-06-11,"2,920,473,525원",4명,"3, 17, 23, 34, 41, 45"
133,2005-06-18,"1,450,242,600원",8명,"4, 7, 15, 18, 23, 26"
134,2005-06-25,"2,349,155,100원",5명,"3, 12, 20, 23, 31, 35"
135,2005-07-02,"1,717,293,515원",7명,"6, 14, 22, 28, 35, 39"
136,2005-07-09,"1,997,694,150원",6명,"2, 16, 30, 36, 41, 42"
137,2005-07-16,"1,270,403,467원",9명,"7, 9, 20, 25, 36, 39"
138,2005-07-23,"2,227,152,000원",5명,"10, 11, 27, 28, 37, 39"
139,2005-07-30,"1,650,210,215원",7명,"9, 11, 15, 20, 28, 43"
140,2005-08-06,"2,109,462,840원",5명,"3, 13, 17, 18, 19, 28"
141,2005-08-13,"1,900,552,400원",6명,"8, 12, 29, 31, 42, 43"
142,2005-08-20,"1,018,265,564원",11명,"12, 16, 30, 34, 40, 44"
143,2005-08-27,"3,954,584,700원",3명,"26, 27, 28, 42, 43, 45"
144,2005-09-03,"1,402,440,413원",8명,"4, 15, 17, 26, 36, 37"
145,2005-09-10,"3,797,838,200원",3명,"2, 3, 13, 20, 27, 44"
146,2005-09-17,"6,043,415,250원",2명,"2, 19, 27, 35, 41, 42"
147,2005-09-24,"1,700,040,215원",7명,"4, 6, 13, 21, 40, 42"
148,2005-10-01,"2,323,596,420원",5명,"21, 25, 33, 34, 35, 36"
149,2005-10-08,"1,639,052,143원",7명,"2, 11, 21, 34, 41, 42"
150,2005-10-15,"2,831,645,850원",4명,"2, 18, 25, 28, 37, 39"
151,2005-10-22,"2,716,634,025원",4명,"1, 2, 10, 13, 18, 19"
152,2005-10-29,"2,278,131,840원",5명,"1, 5, 13, 26, 29, 34"
153,2005-11-05,"2,730,526,125원",4명,"3, 8, 11, 12, 13, 36"
154,2005-11-12,"2,836,628,700원",4명,"6, 19, 21, 35, 40, 45"
155,2005-11-19,"1,193,005,734원",9명,"16, 19, 20, 32, 33, 41"
156,2005-11-26,"1,401,099,900원",8명,"5, 18, 28, 30, 42, 45"
157,2005-12-03,"5,484,903,750원",2명,"19, 26, 30, 33, 35, 39"
158,2005-12-10,"1,069,544,340원",10명,"4, 9, 13, 18, 21, 34"
159,2005-12-17,"1,755,407,300원",6명,"1, 18, 30, 41, 42, 43"
160,2005-12-24,"5,490,805,350원",2명,"3, 7, 8, 34, 39, 41"
161,2005-12-31,"1,996,876,272원",7명,"22, 34, 36, 40, 42, 45"
162,2006-01-07,"2,308,265,760원",5명,"1, 5, 21, 25, 38, 41"
163,2006-01-14,"1,629,726,515원",7명,"7, 11, 26, 28, 29, 44"
164,2006-01-21,"4,054,937,900원",3명,"6, 9, 10, 11, 39, 41"
165,2006-01-28,"6,767,426,700원",2명,"5, 13, 18, 19, 22, 42"
166,2006-02-04,"1,111,299,982원",11명,"9, 12, 27, 36, 39, 45"
167,2006-02-11,"2,491,222,920원",5명,"24, 27, 28, 30, 36, 39"
168,2006-02-18,"2,349,946,920원",5명,"3, 10, 31, 40, 42, 43"
169,2006-02-25,"2,482,888,380원",5명,"16, 27, 35, 37, 43, 45"
170,2006-03-04,"1,923,108,250원",6명,"2, 11, 13, 15, 31, 42"
171,2006-03-11,"1,961,339,700원",6명,"4, 16, 25, 29, 34, 35"
172,2006-03-18,"1,081,154,073원",11명,"4, 19, 21, 24, 26, 41"
173,2006-03-25,"1,487,736,788원",8명,"3, 9, 24, 30, 33, 34"
174,2006-04-01,"1,771,103,058원",7명,"13, 14, 18, 22, 35, 39"
175,2006-04-08,"2,371,132,620원",5명,"19, 26, 28, 31, 33, 36"
176,2006-04-15,"2,314,663,080원",5명,"4, 17, 30, 32, 33, 34"
177,2006-04-22,"1,693,285,500원",7명,"1, 10, 13, 16, 37, 43"
178,2006-04-29,"2,254,621,080원",5명,"1, 5, 11, 12, 18, 23"
179,2006-05-06,"1,081,093,920원",10명,"5, 9, 17, 25, 39, 43"
180,2006-05-13,"5,763,371,550원",2명,"2, 15, 20, 21, 29, 34"
181,2006-05-20,"1,941,763,300원",6명,"14, 21, 23, 32, 40, 45"
182,2006-05-27,"3,721,439,400원",3명,"13, 15, 27, 29, 34, 40"
183,2006-06-03,"1,777,221,500원",6명,"2, 18, 24, 34, 40, 42"
184,2006-06-10,"1,747,753,050원",6명,"1, 2, 6, 16, 20, 33"
185,2006-06-17,"3,522,485,800원",3명,"1, 2, 4, 8, 19, 38"
186,2006-06-24,"1,187,882,600원",9명,"4, 10, 14, 19, 21, 45"
187,2006-07-01,"1,544,733,900원",7명,"1, 2, 8, 18, 29, 38"
188,2006-07-08,"3,501,405,200원",3명,"19, 24, 27, 30, 31, 34"
189,2006-07-15,"3,461,775,100원",3명,"8, 14, 32, 35, 37, 45"
190,2006-07-22,"1,784,159,450원",6명,"8, 14, 18, 30, 31, 44"
191,2006-07-29,"2,577,114,675원",4명,"5, 6, 24, 25, 32, 37"
192,2006-08-05,"2,445,348,375원",4명,"4, 8, 11, 18, 37, 45"
193,2006-08-12,"3,404,449,700원",3명,"6, 14, 18, 26, 36, 39"
194,2006-08-19,"2,650,567,875원",4명,"15, 20, 23, 26, 39, 44"
195,2006-08-26,"918,992,591원",11명,"7, 10, 19, 22, 35, 40"
196,2006-09-02,"727,876,520원",15명,"35, 36, 37, 41, 44, 45"
197,2006-09-09,"1,803,018,300원",6명,"7, 12, 16, 34, 42, 45"
198,2006-09-16,"1,797,855,050원",6명,"12, 19, 20, 25, 41, 45"
199,2006-09-23,"5,344,252,200원",2명,"14, 21, 22, 25, 30, 36"
200,2006-09-30,"1,344,616,613원",8명,"5, 6, 13, 14, 17, 20"
201,2006-10-07,"9,719,465,400원",1명,"3, 11, 24, 38, 39, 44"
202,2006-10-14,"1,893,391,700원",6명,"12, 14, 27, 33, 39, 44"
203,2006-10-21,"2,164,564,740원",5명,"1, 3, 11, 24, 30, 32"
204,2006-10-28,"1,358,347,125원",8명,"3, 12, 14, 35, 40, 45"
205,2006-11-04,"1,835,221,800원",6명,"1, 3, 21, 29, 35, 37"
206,2006-11-11,"2,032,859,340원",5명,"1, 2, 3, 15, 20, 25"
207,2006-11-18,"2,104,673,760원",5명,"3, 11, 14, 31, 32, 37"
208,2006-11-25,"1,760,767,400원",6명,"14, 25, 31, 34, 40, 44"
209,2006-12-02,"1,660,896,350원",6명,"2, 7, 18, 20, 24, 33"
210,2006-12-09,"5,139,085,950원",2명,"10, 19, 22, 23, 25, 37"
211,2006-12-16,"1,035,800,250원",10명,"12, 13, 17, 20, 33, 41"
212,2006-12-23,"2,660,747,250원",4명,"11, 12, 18, 21, 31, 38"
213,2006-12-30,"1,376,678,025원",8명,"2, 3, 4, 5, 20, 24"
214,2007-01-06,"1,406,980,875원",8명,"5, 7, 20, 25, 28, 37"
215,2007-01-13,"1,587,689,615원",7명,"2, 3, 7, 15, 43, 44"
216,2007-01-20,"848,506,108원",13명,"7, 16, 17, 33, 36, 40"
217,2007-01-27,"1,611,246,172원",7명,"16, 20, 27, 33, 35, 39"
218,2007-02-03,"2,779,075,800원",4명,"1, 8, 14, 18, 29, 44"
219,2007-02-10,"1,208,409,167원",9명,"4, 11, 20, 26, 35, 37"
220,2007-02-17,"1,958,094,950원",6명,"5, 11, 19, 21, 34, 43"
221,2007-02-24,"1,800,104,250원",6명,"2, 20, 33, 35, 37, 40"
222,2007-03-03,"2,275,193,820원",5명,"5, 7, 28, 29, 39, 43"
223,2007-03-10,"1,498,170,600원",7명,"1, 3, 18, 20, 26, 27"
224,2007-03-17,"1,808,969,950원",6명,"4, 19, 26, 27, 30, 42"
225,2007-03-24,"1,777,201,800원",6명,"5, 11, 13, 19, 31, 36"
226,2007-03-31,"1,744,100,150원",6명,"2, 6, 8, 14, 21, 22"
227,2007-04-07,"5,253,542,400원",2명,"4, 5, 15, 16, 22, 42"
228,2007-04-14,"1,146,700,334원",9명,"17, 25, 35, 36, 39, 44"
229,2007-04-21,"1,451,441,100원",7명,"4, 5, 9, 11, 23, 38"
230,2007-04-28,"1,292,929,163원",8명,"5, 11, 14, 29, 32, 33"
231,2007-05-05,"1,088,365,900원",9명,"5, 10, 19, 31, 44, 45"
232,2007-05-12,"1,110,918,400원",9명,"8, 9, 10, 12, 24, 44"
233,2007-05-19,"999,153,750원",10명,"4, 6, 13, 17, 28, 40"
234,2007-05-26,"2,519,743,875원",4명,"13, 21, 22, 24, 26, 37"
235,2007-06-02,"3,433,330,100원",3명,"21, 22, 26, 27, 31, 37"
236,2007-06-09,"5,030,040,150원",2명,"1, 4, 8, 13, 37, 39"
237,2007-06-16,"1,440,630,729원",7명,"1, 11, 17, 21, 24, 44"
238,2007-06-23,"1,121,660,567원",9명,"2, 4, 15, 28, 31, 34"
239,2007-06-30,"1,134,140,167원",9명,"11, 15, 24, 39, 41, 44"
240,2007-07-07,"5,098,251,450원",2명,"6, 10, 16, 40, 41, 43"
241,2007-07-14,"2,552,016,300원",4명,"2, 16, 24, 27, 28, 35"
242,2007-07-21,"1,234,542,375원",8명,"4, 19, 20, 21, 32, 34"
243,2007-07-28,"2,408,850,000원",4명,"2, 12, 17, 19, 28, 42"
244,2007-08-04,"9,121,583,100원",1명,"13, 16, 25, 36, 37, 38"
245,2007-08-11,"1,382,583,129원",7명,"9, 11, 27, 31, 32, 38"
246,2007-08-18,"1,911,774,240원",5명,"13, 18, 21, 23, 26, 39"
247,2007-08-25,"1,669,313,900원",6명,"12, 15, 28, 36, 39, 40"
248,2007-09-01,"1,227,479,363원",8명,"3, 8, 17, 23, 38, 45"
249,2007-09-08,"1,663,568,700원",6명,"3, 8, 27, 31, 41, 44"
250,2007-09-15,"1,994,726,280원",5명,"19, 23, 30, 37, 43, 45"
251,2007-09-22,"1,282,616,400원",8명,"6, 7, 19, 25, 28, 38"
252,2007-09-29,"1,391,089,715원",7명,"14, 23, 26, 31, 39, 45"
253,2007-10-06,"2,466,189,525원",4명,"8, 19, 25, 31, 34, 36"
254,2007-10-13,"9,741,015,900원",1명,"1, 5, 19, 20, 24, 30"
255,2007-10-20,"1,598,618,550원",6명,"1, 5, 6, 24, 27, 42"
256,2007-10-27,"4,891,017,000원",2명,"4, 11, 14, 21, 23, 43"
257,2007-11-03,"2,391,377,025원",4명,"6, 13, 27, 31, 32, 37"
258,2007-11-10,"2,426,434,350원",4명,"14, 27, 30, 31, 38, 40"
259,2007-11-17,"4,838,533,500원",2명,"4, 5, 14, 35, 42, 45"
260,2007-11-24,"2,310,085,575원",4명,"7, 12, 15, 24, 37, 40"
261,2007-12-01,"3,192,299,100원",3명,"6, 11, 16, 18, 31, 43"
262,2007-12-08,"4,518,741,600원",2명,"9, 12, 24, 25, 29, 31"
263,2007-12-15,"1,551,704,900원",6명,"1, 27, 28, 32, 37, 40"
264,2007-12-22,"1,344,889,200원",7명,"9, 16, 27, 36, 41, 44"
265,2007-12-29,"1,200,838,575원",8명,"5, 9, 34, 37, 38, 39"
266,2008-01-05,"3,207,211,700원",3명,"3, 4, 9, 11, 22, 42"
267,2008-01-12,"3,257,663,300원",3명,"7, 8, 24, 34, 36, 41"
268,2008-01-19,"1,350,954,515원",7명,"3, 10, 19, 24, 32, 45"
269,2008-01-26,"1,961,399,940원",5명,"5, 18, 20, 36, 42, 43"
270,2008-02-02,"1,927,830,060원",5명,"5, 9, 12, 20, 21, 26"
271,2008-02-09,"1,565,918,150원",6명,"3, 8, 9, 27, 29, 40"
272,2008-02-16,"1,104,622,800원",9명,"7, 9, 12, 27, 39, 43"
273,2008-02-23,"3,339,543,100원",3명,"1, 8, 24, 31, 34, 44"
274,2008-03-01,"2,505,085,575원",4명,"13, 14, 15, 26, 35, 39"
275,2008-03-08,"10,044,066,900원",1명,"14, 19, 20, 35, 38, 40"
276,2008-03-15,"3,312,569,000원",3명,"4, 15, 21, 33, 39, 41"
277,2008-03-22,"3,272,627,800원",3명,"10, 12, 13, 15, 25, 29"
278,2008-03-29,"3,186,530,000원",3명,"3, 11, 37, 39, 41, 43"
279,2008-04-05,"1,914,205,320원",5명,"7, 16, 31, 36, 37, 38"
280,2008-04-12,"1,355,258,529원",7명,"10, 11, 23, 24, 36, 37"
281,2008-04-19,"1,554,683,200원",6명,"1, 3, 4, 6, 14, 41"
282,2008-04-26,"1,322,052,643원",7명,"2, 5, 10, 18, 31, 32"
283,2008-05-03,"3,137,224,600원",3명,"6, 8, 18, 31, 38, 45"
284,2008-05-10,"3,117,640,300원",3명,"2, 7, 15, 24, 30, 45"
285,2008-05-17,"3,164,370,100원",3명,"13, 33, 37, 40, 41, 45"
286,2008-05-24,"3,236,566,300원",3명,"1, 15, 19, 40, 42, 44"
287,2008-05-31,"1,328,657,100원",7명,"6, 12, 24, 27, 35, 37"
288,2008-06-07,"2,357,261,550원",4명,"1, 12, 17, 28, 35, 41"
289,2008-06-14,0원,0명,"3, 14, 33, 37, 38, 42"
290,2008-06-21,"2,149,214,424원",13명,"8, 13, 18, 32, 39, 45"
291,2008-06-28,"1,450,585,200원",7명,"3, 7, 8, 18, 20, 42"
292,2008-07-05,"720,373,950원",14명,"17, 18, 31, 32, 33, 34"
293,2008-07-12,"1,656,764,400원",6명,"1, 9, 17, 21, 29, 33"
294,2008-07-19,"2,406,504,975원",4명,"6, 10, 17, 30, 37, 38"
295,2008-07-26,0원,0명,"1, 4, 12, 16, 18, 38"
296,2008-08-02,"3,066,088,275원",8명,"3, 8, 15, 27, 30, 45"
297,2008-08-09,"5,056,668,750원",2명,"6, 11, 19, 20, 28, 32"
298,2008-08-16,"9,909,778,500원",1명,"5, 9, 27, 29, 37, 40"
299,2008-08-23,"1,483,772,529원",7명,"1, 3, 20, 25, 36, 45"
300,2008-08-30,"836,092,425원",12명,"7, 9, 10, 12, 26, 38"
301,2008-09-06,"1,447,385,015원",7명,"7, 11, 13, 33, 37, 43"
302,2008-09-13,"5,472,167,250원",2명,"13, 19, 20, 32, 38, 42"
303,2008-09-20,"1,672,749,000원",6명,"2, 14, 17, 30, 38, 45"
304,2008-09-27,"1,661,646,150원",6명,"4, 10, 16, 26, 33, 41"
305,2008-10-04,"2,008,210,140원",5명,"7, 8, 18, 21, 23, 39"
306,2008-10-11,"2,102,669,520원",5명,"4, 18, 23, 30, 34, 41"
307,2008-10-18,"2,587,643,250원",4명,"5, 15, 21, 23, 25, 45"
308,2008-10-25,"10,232,872,800원",1명,"14, 15, 17, 19, 37, 45"
309,2008-11-01,"901,622,946원",11명,"1, 2, 5, 11, 18, 36"
310,2008-11-08,"1,296,713,325원",8명,"1, 5, 19, 28, 34, 41"
311,2008-11-15,"1,237,691,063원",8명,"4, 12, 24, 27, 28, 32"
312,2008-11-22,"629,017,820원",15명,"2, 3, 5, 6, 12, 20"
313,2008-11-29,"1,715,422,800원",6명,"9, 17, 34, 35, 43, 45"
314,2008-12-06,"1,660,512,200원",6명,"15, 17, 19, 34, 38, 41"
315,2008-12-13,"1,308,728,625원",8명,"1, 13, 33, 35, 43, 45"
316,2008-12-20,"1,673,586,400원",6명,"10, 11, 21, 27, 31, 39"
317,2008-12-27,"2,576,258,550원",4명,"3, 10, 11, 22, 36, 39"
318,2009-01-03,"1,207,436,600원",9명,"2, 17, 19, 20, 34, 45"
319,2009-01-10,"2,135,659,380원",5명,"5, 8, 22, 28, 33, 42"
320,2009-01-17,"5,513,067,900원",2명,"16, 19, 23, 25, 41, 45"
321,2009-01-24,"1,959,136,100원",6명,"12, 18, 20, 21, 25, 34"
322,2009-01-31,"1,904,544,700원",6명,"9, 18, 29, 32, 38, 43"
323,2009-02-07,"1,461,025,388원",8명,"10, 14, 15, 32, 36, 42"
324,2009-02-14,"1,865,130,350원",6명,"2, 4, 21, 25, 33, 36"
325,2009-02-21,"1,806,122,450원",6명,"7, 17, 20, 32, 44, 45"
326,2009-02-28,"1,832,134,550원",6명,"16, 23, 25, 33, 36, 39"
327,2009-03-07,"882,674,750원",12명,"6, 12, 13, 17, 32, 44"
328,2009-03-14,"1,819,795,900원",6명,"1, 6, 9, 16, 17, 28"
329,2009-03-21,"1,830,391,200원",6명,"9, 17, 19, 30, 35, 42"
330,2009-03-28,"1,162,280,200원",9명,"3, 4, 16, 17, 19, 20"
331,2009-04-04,"2,165,902,620원",5명,"4, 9, 14, 26, 31, 44"
332,2009-04-11,"1,359,448,388원",8명,"16, 17, 34, 36, 42, 45"
333,2009-04-18,"1,550,987,143원",7명,"5, 14, 27, 30, 39, 43"
334,2009-04-25,"1,523,002,972원",7명,"13, 15, 21, 29, 39, 43"
335,2009-05-02,"2,037,492,480원",5명,"5, 9, 16, 23, 26, 45"
336,2009-05-09,"1,685,632,650원",6명,"3, 5, 20, 34, 35, 44"
337,2009-05-16,"1,257,500,513원",8명,"1, 5, 14, 18, 32, 37"
338,2009-05-23,"3,383,431,000원",3명,"2, 13, 34, 38, 42, 45"
339,2009-05-30,"1,096,778,334원",9명,"6, 8, 14, 21, 30, 37"
340,2009-06-06,"1,439,393,186원",7명,"18, 24, 26, 29, 34, 38"
341,2009-06-13,"1,497,207,772원",7명,"1, 8, 19, 34, 39, 43"
342,2009-06-20,"3,454,095,800원",3명,"1, 13, 14, 33, 34, 43"
343,2009-06-27,"1,717,153,000원",6명,"1, 10, 17, 29, 31, 43"
344,2009-07-04,"1,467,106,543원",7명,"1, 2, 15, 28, 34, 45"
345,2009-07-11,"5,203,577,550원",2명,"15, 20, 23, 29, 39, 42"
346,2009-07-18,"2,017,727,340원",5명,"5, 13, 14, 22, 44, 45"
347,2009-07-25,"1,456,624,286원",7명,"3, 8, 13, 27, 32, 42"
348,2009-08-01,"3,299,994,000원",3명,"3, 14, 17, 20, 24, 31"
349,2009-08-08,"3,353,209,000원",3명,"5, 13, 14, 20, 24, 25"
350,2009-08-15,"1,101,052,467원",9명,"1, 8, 18, 24, 29, 33"
351,2009-08-22,"2,583,357,150원",4명,"5, 25, 27, 29, 34, 36"
352,2009-08-29,"1,732,858,250원",6명,"5, 16, 17, 20, 26, 41"
353,2009-09-05,"5,290,838,250원",2명,"11, 16, 19, 22, 29, 36"
354,2009-09-12,"2,124,464,340원",5명,"14, 19, 36, 43, 44, 45"
355,2009-09-19,"2,145,424,800원",5명,"5, 8, 29, 30, 35, 44"
356,2009-09-26,"1,157,185,267원",9명,"2, 8, 14, 25, 29, 45"
357,2009-10-03,"5,313,394,350원",2명,"10, 14, 18, 21, 36, 37"
358,2009-10-10,"3,472,654,900원",3명,"1, 9, 10, 12, 21, 40"
359,2009-10-17,"1,286,712,600원",8명,"1, 10, 19, 20, 24, 40"
360,2009-10-24,"3,566,716,200원",3명,"4, 16, 23, 25, 35, 40"
361,2009-10-31,"1,473,115,115원",7명,"5, 10, 16, 24, 27, 35"
362,2009-11-07,"1,729,424,650원",6명,"2, 3, 22, 27, 30, 40"
363,2009-11-14,"2,615,910,600원",4명,"11, 12, 14, 21, 32, 38"
364,2009-11-21,"2,531,914,800원",4명,"2, 5, 7, 14, 16, 40"
365,2009-11-28,"10,697,716,800원",1명,"5, 15, 21, 25, 26, 30"
366,2009-12-05,"5,351,553,900원",2명,"5, 12, 19, 26, 27, 44"
367,2009-12-12,"1,581,736,586원",7명,"3, 22, 25, 29, 32, 44"
368,2009-12-19,"1,465,825,115원",7명,"11, 21, 24, 30, 39, 45"
369,2009-12-26,"1,842,177,750원",6명,"17, 20, 35, 36, 41, 43"
370,2010-01-02,"1,678,941,943원",7명,"16, 18, 24, 42, 44, 45"
371,2010-01-09,"1,524,130,543원",7명,"7, 9, 15, 26, 27, 42"
372,2010-01-16,"1,192,593,200원",9명,"8, 11, 14, 16, 18, 21"
373,2010-01-23,"2,791,801,125원",4명,"15, 26, 37, 42, 43, 45"
374,2010-01-30,"5,528,717,850원",2명,"11, 13, 15, 17, 25, 34"
375,2010-02-06,"1,581,284,058원",7명,"4, 8, 19, 25, 27, 45"
376,2010-02-13,"1,956,915,800원",6명,"1, 11, 13, 24, 28, 40"
377,2010-02-20,"3,912,085,400원",3명,"6, 22, 29, 37, 43, 45"
378,2010-02-27,"2,317,698,240원",5명,"5, 22, 29, 31, 34, 39"
379,2010-03-06,"1,598,999,786원",7명,"6, 10, 22, 31, 35, 40"
380,2010-03-13,"2,684,274,825원",4명,"1, 2, 8, 17, 26, 37"
381,2010-03-20,"565,738,895원",19명,"1, 5, 10, 12, 16, 20"
382,2010-03-27,"1,846,674,900원",6명,"10, 15, 22, 24, 27, 42"
383,2010-04-03,"3,596,522,100원",3명,"4, 15, 28, 33, 37, 40"
384,2010-04-10,"3,658,734,200원",3명,"11, 22, 24, 32, 36, 38"
385,2010-04-17,"1,542,032,700원",7명,"7, 12, 19, 21, 29, 32"
386,2010-04-24,"1,042,953,330원",10명,"4, 7, 10, 19, 31, 40"
387,2010-05-01,"2,675,533,500원",4명,"1, 26, 31, 34, 40, 43"
388,2010-05-08,"2,545,543,875원",4명,"1, 8, 9, 17, 29, 32"
389,2010-05-15,"2,119,027,020원",5명,"7, 16, 18, 20, 23, 26"
390,2010-05-22,"10,373,997,900원",1명,"16, 17, 28, 37, 39, 40"
391,2010-05-29,"10,508,749,800원",1명,"10, 11, 18, 22, 28, 39"
392,2010-06-05,"1,713,528,700원",6명,"1, 3, 7, 8, 24, 42"
393,2010-06-12,"1,362,003,975원",8명,"9, 16, 28, 40, 41, 43"
394,2010-06-19,"10,654,349,100원",1명,"1, 13, 20, 22, 25, 28"
395,2010-06-26,"1,534,635,000원",7명,"11, 15, 20, 26, 31, 35"
396,2010-07-03,"5,296,622,400원",2명,"18, 20, 31, 34, 40, 45"
397,2010-07-10,"3,499,519,700원",3명,"12, 13, 17, 22, 25, 33"
398,2010-07-17,"2,680,625,550원",4명,"10, 15, 20, 23, 42, 44"
399,2010-07-24,"1,276,854,975원",8명,"1, 2, 9, 17, 19, 42"
400,2010-07-31,"2,669,834,325원",4명,"9, 21, 27, 34, 41, 43"
401,2010-08-07,"1,168,214,792원",9명,"6, 12, 18, 31, 38, 43"
402,2010-08-14,"2,662,206,188원",4명,"5, 9, 15, 19, 22, 36"
403,2010-08-21,"2,122,396,875원",5명,"10, 14, 22, 24, 28, 37"
404,2010-08-28,"3,566,659,375원",3명,"5, 20, 21, 24, 33, 40"
405,2010-09-04,"3,543,878,000원",3명,"1, 2, 10, 25, 26, 44"
406,2010-09-11,"2,156,142,450원",5명,"7, 12, 21, 24, 27, 36"
407,2010-09-18,"1,649,707,286원",7명,"6, 7, 13, 16, 24, 25"
408,2010-09-25,"2,235,375,825원",5명,"9, 20, 21, 22, 30, 37"
409,2010-10-02,"2,896,989,750원",4명,"6, 9, 21, 31, 32, 40"
410,2010-10-09,"1,249,335,709원",9명,"1, 3, 18, 32, 40, 41"
411,2010-10-16,"953,227,563원",12명,"11, 14, 22, 35, 37, 39"
412,2010-10-23,"1,656,199,822원",7명,"4, 7, 39, 41, 42, 45"
413,2010-10-30,"2,814,673,500원",4명,"2, 9, 15, 23, 34, 40"
414,2010-11-06,"11,703,832,500원",1명,"2, 14, 15, 22, 23, 44"
415,2010-11-13,"1,334,182,407원",8명,"7, 17, 20, 26, 30, 40"
416,2010-11-20,"1,072,037,100원",10명,"5, 6, 8, 11, 22, 26"
417,2010-11-27,"2,818,329,938원",4명,"4, 5, 14, 20, 22, 43"
418,2010-12-04,"1,435,649,766원",8명,"11, 13, 15, 26, 28, 34"
419,2010-12-11,"3,796,490,750원",3명,"2, 11, 13, 14, 28, 30"
420,2010-12-18,"1,424,856,375원",8명,"4, 9, 10, 29, 31, 34"
421,2010-12-25,"2,321,144,325원",5명,"6, 11, 26, 27, 28, 44"
422,2011-01-01,"2,205,251,375원",6명,"8, 15, 19, 21, 34, 44"
423,2011-01-08,"3,896,153,875원",3명,"1, 17, 27, 28, 29, 40"
424,2011-01-15,"1,109,480,813원",10명,"10, 11, 26, 31, 34, 44"
425,2011-01-22,"1,534,833,000원",8명,"8, 10, 14, 27, 33, 38"
426,2011-01-29,"3,057,233,625원",4명,"4, 17, 18, 27, 39, 43"
427,2011-02-05,"12,571,445,625원",1명,"6, 7, 15, 24, 28, 30"
428,2011-02-12,"1,437,683,209원",9명,"12, 16, 19, 22, 37, 40"
429,2011-02-19,"1,485,904,709원",9명,"3, 23, 28, 34, 39, 42"
430,2011-02-26,"1,611,763,219원",8명,"1, 3, 16, 18, 30, 34"
431,2011-03-05,"1,268,434,013원",10명,"18, 22, 25, 31, 38, 45"
432,2011-03-12,"2,299,427,550원",5명,"2, 3, 5, 11, 27, 39"
433,2011-03-19,"1,182,294,410원",11명,"19, 23, 29, 33, 35, 43"
434,2011-03-26,"1,480,060,266원",8명,"3, 13, 20, 24, 33, 37"
435,2011-04-02,"1,287,550,013원",10명,"8, 16, 26, 30, 38, 45"
436,2011-04-09,"1,512,266,579원",8명,"9, 14, 20, 22, 33, 34"
437,2011-04-16,"2,096,245,438원",6명,"11, 16, 29, 38, 41, 44"
438,2011-04-23,"1,377,142,167원",9명,"6, 12, 20, 26, 29, 38"
439,2011-04-30,"1,900,077,375원",6명,"17, 20, 30, 31, 37, 40"
440,2011-05-07,"1,995,873,000원",6명,"10, 22, 28, 34, 36, 44"
441,2011-05-14,"3,170,417,063원",4명,"1, 23, 28, 30, 34, 35"
442,2011-05-21,"1,413,413,042원",9명,"25, 27, 29, 36, 38, 40"
443,2011-05-28,"1,327,597,584원",9명,"4, 6, 10, 19, 20, 44"
444,2011-06-04,"4,154,188,625원",3명,"11, 13, 23, 35, 43, 45"
445,2011-06-11,"1,791,683,036원",7명,"13, 20, 21, 30, 39, 45"
446,2011-06-18,"4,051,247,625원",3명,"1, 11, 12, 14, 26, 35"
447,2011-06-25,"2,657,941,125원",4명,"2, 7, 8, 9, 17, 33"
448,2011-07-02,"4,026,212,750원",3명,"3, 7, 13, 27, 40, 41"
449,2011-07-09,"4,059,715,250원",3명,"3, 10, 20, 26, 35, 43"
450,2011-07-16,"1,990,391,625원",6명,"6, 14, 19, 21, 23, 31"
451,2011-07-23,"882,138,952원",13명,"12, 15, 20, 24, 30, 38"
452,2011-07-30,"1,276,902,000원",9명,"8, 10, 18, 30, 32, 34"
453,2011-08-06,"2,262,732,375원",5명,"12, 24, 33, 38, 40, 42"
454,2011-08-13,"1,609,125,590원",7명,"13, 25, 27, 34, 38, 41"
455,2011-08-20,"1,635,711,483원",7명,"4, 19, 20, 26, 30, 35"
456,2011-08-27,"1,598,505,054원",7명,"1, 7, 12, 18, 23, 27"
457,2011-09-03,"1,159,902,825원",10명,"8, 10, 18, 23, 27, 40"
458,2011-09-10,"1,608,812,625원",8명,"4, 9, 10, 32, 36, 40"
459,2011-09-17,"1,655,842,233원",7명,"4, 6, 10, 14, 25, 40"
460,2011-09-24,"3,180,895,782원",4명,"8, 11, 28, 30, 43, 45"
461,2011-10-01,"1,948,674,875원",6명,"11, 18, 26, 31, 37, 40"
462,2011-10-08,"1,483,559,297원",8명,"3, 20, 24, 32, 37, 45"
463,2011-10-15,0원,0명,"23, 29, 31, 33, 34, 44"
464,2011-10-22,"3,355,721,106원",13명,"6, 12, 15, 34, 42, 44"
465,2011-10-29,"1,923,662,893원",7명,"1, 8, 11, 13, 22, 38"
466,2011-11-05,"1,530,313,459원",9명,"4, 10, 13, 23, 32, 44"
467,2011-11-12,"1,435,441,084원",9명,"2, 12, 14, 17, 24, 40"
468,2011-11-19,"1,527,197,167원",9명,"8, 13, 15, 28, 37, 43"
469,2011-11-26,"3,330,131,250원",4명,"4, 21, 22, 34, 37, 38"
470,2011-12-03,"4,333,330,625원",3명,"10, 16, 20, 39, 41, 42"
471,2011-12-10,"1,939,332,858원",7명,"6, 13, 29, 37, 39, 41"
472,2011-12-17,"1,809,656,090원",7명,"16, 25, 26, 31, 36, 43"
473,2011-12-24,"3,250,418,063원",4명,"8, 13, 20, 22, 23, 36"
474,2011-12-31,"936,690,800원",15명,"4, 13, 18, 31, 33, 45"
475,2012-01-07,"1,693,923,047원",8명,"1, 9, 14, 16, 21, 29"
476,2012-01-14,"3,439,851,469원",4명,"9, 12, 13, 15, 37, 38"
477,2012-01-21,"1,919,011,829원",8명,"14, 25, 29, 32, 33, 45"
478,2012-01-28,"987,224,759원",14명,"18, 29, 30, 37, 39, 43"
479,2012-02-04,"2,233,046,500원",6명,"8, 23, 25, 27, 35, 44"
480,2012-02-11,"2,996,742,282원",4명,"3, 5, 10, 17, 30, 31"
481,2012-02-18,"4,639,355,750원",3명,"3, 4, 23, 29, 40, 41"
482,2012-02-25,"1,897,921,179원",7명,"1, 10, 16, 24, 25, 35"
483,2012-03-03,"2,567,196,675원",5명,"12, 15, 19, 22, 28, 34"
484,2012-03-10,"2,305,303,063원",6명,"1, 3, 27, 28, 32, 45"
485,2012-03-17,"1,501,474,917원",9명,"17, 22, 26, 27, 36, 39"
486,2012-03-24,"1,008,634,125원",13명,"1, 2, 23, 25, 38, 40"
487,2012-03-31,"1,638,830,766원",8명,"4, 8, 25, 27, 37, 41"
488,2012-04-07,"1,330,393,575원",10명,"2, 8, 17, 30, 31, 38"
489,2012-04-14,"2,106,360,625원",6명,"2, 4, 8, 15, 20, 27"
490,2012-04-21,"1,860,234,161원",7명,"2, 7, 26, 29, 40, 43"
491,2012-04-28,"3,304,634,438원",4명,"8, 17, 35, 36, 39, 42"
492,2012-05-05,"2,493,013,800원",5명,"22, 27, 31, 35, 37, 40"
493,2012-05-12,"1,451,120,334원",9명,"20, 22, 26, 33, 36, 37"
494,2012-05-19,"1,054,588,407원",12명,"5, 7, 8, 15, 30, 43"
495,2012-05-26,"2,111,645,000원",6명,"4, 13, 22, 27, 34, 44"
496,2012-06-02,"3,285,932,250원",4명,"4, 13, 20, 29, 36, 41"
497,2012-06-09,"2,222,817,813원",6명,"19, 20, 23, 24, 43, 44"
498,2012-06-16,"3,244,503,094원",4명,"13, 14, 24, 32, 39, 41"
499,2012-06-23,"4,070,480,250원",3명,"5, 20, 23, 27, 35, 40"
500,2012-06-30,"1,351,072,375원",9명,"3, 4, 12, 20, 24, 34"
501,2012-07-07,"3,025,200,094원",4명,"1, 4, 10, 17, 31, 42"
502,2012-07-14,"2,201,458,125원",6명,"6, 22, 28, 32, 34, 40"
503,2012-07-21,"1,853,634,911원",7명,"1, 5, 27, 30, 34, 36"
504,2012-07-28,"1,443,236,959원",9명,"6, 14, 22, 26, 43, 44"
505,2012-08-04,"1,917,955,188원",6명,"7, 20, 22, 25, 38, 40"
506,2012-08-11,"4,073,333,875원",3명,"6, 9, 11, 22, 24, 30"
507,2012-08-18,"1,416,438,875원",9명,"12, 13, 32, 33, 40, 41"
508,2012-08-25,"1,599,557,860원",8명,"5, 27, 31, 34, 35, 43"
509,2012-09-01,"2,689,076,100원",5명,"12, 25, 29, 35, 42, 43"
510,2012-09-08,"2,644,158,150원",5명,"12, 29, 32, 33, 39, 40"
511,2012-09-15,"2,165,579,250원",6명,"3, 7, 14, 23, 26, 42"
512,2012-09-22,"940,094,452원",13명,"4, 5, 9, 13, 26, 27"
513,2012-09-29,"4,589,624,750원",3명,"5, 8, 21, 23, 27, 33"
514,2012-10-06,"4,451,055,500원",3명,"1, 15, 20, 26, 35, 42"
515,2012-10-13,"13,200,466,875원",1명,"2, 11, 12, 15, 23, 37"
516,2012-10-20,"1,294,190,182원",11명,"2, 8, 23, 41, 43, 44"
517,2012-10-27,"2,659,057,725원",5명,"1, 9, 12, 28, 36, 41"
518,2012-11-03,"2,263,804,125원",6명,"14, 23, 30, 32, 34, 38"
519,2012-11-10,"1,950,601,393원",7명,"6, 8, 13, 16, 30, 43"
520,2012-11-17,"2,167,205,438원",6명,"4, 22, 27, 28, 38, 40"
521,2012-11-24,"1,693,420,922원",8명,"3, 7, 18, 29, 32, 36"
522,2012-12-01,"2,281,623,000원",6명,"4, 5, 13, 14, 37, 41"
523,2012-12-08,"1,780,355,840원",7명,"1, 4, 37, 38, 40, 45"
524,2012-12-15,"3,491,695,594원",4명,"10, 11, 29, 38, 41, 45"
525,2012-12-22,"1,501,132,375원",9명,"11, 23, 26, 29, 39, 44"
526,2012-12-29,"1,491,031,959원",9명,"7, 14, 17, 20, 35, 39"
527,2013-01-05,"1,032,386,366원",13명,"1, 12, 22, 32, 33, 42"
528,2013-01-12,"1,197,889,125원",11명,"5, 17, 25, 31, 39, 40"
529,2013-01-19,"1,749,114,797원",8명,"18, 20, 24, 27, 31, 42"
530,2013-01-26,"1,231,656,239원",11명,"16, 23, 27, 29, 33, 41"
531,2013-02-02,"1,521,519,750원",9명,"1, 5, 9, 21, 27, 35"
532,2013-02-09,"2,216,896,286원",7명,"16, 17, 23, 24, 29, 44"
533,2013-02-16,"1,785,671,579원",8명,"9, 14, 15, 17, 31, 33"
534,2013-02-23,"14,215,763,250원",1명,"10, 24, 26, 29, 37, 38"
535,2013-03-02,"4,935,603,000원",3명,"11, 12, 14, 15, 18, 39"
536,2013-03-09,"1,308,523,603원",11명,"7, 8, 18, 32, 37, 43"
537,2013-03-16,"2,104,038,911원",7명,"12, 23, 26, 30, 36, 43"
538,2013-03-23,"4,688,021,625원",3명,"6, 10, 18, 31, 32, 34"
539,2013-03-30,"1,621,036,667원",9명,"3, 19, 22, 31, 42, 43"
540,2013-04-06,"1,989,365,250원",7명,"3, 12, 13, 15, 34, 36"
541,2013-04-13,"1,269,327,171원",11명,"8, 13, 26, 28, 32, 34"
542,2013-04-20,"2,335,152,563원",6명,"5, 6, 19, 26, 41, 45"
543,2013-04-27,"1,112,934,844원",12명,"13, 18, 26, 31, 34, 44"
544,2013-05-04,"1,046,388,433원",13명,"5, 17, 21, 25, 36, 44"
545,2013-05-11,"1,198,994,353원",11명,"4, 24, 25, 27, 34, 35"
546,2013-05-18,"405,939,950원",30명,"8, 17, 20, 27, 37, 43"
547,2013-05-25,"2,838,444,450원",5명,"6, 7, 15, 22, 34, 39"
548,2013-06-01,"1,736,871,891원",8명,"1, 12, 13, 21, 32, 45"
549,2013-06-08,"1,760,805,047원",8명,"29, 31, 35, 38, 40, 44"
550,2013-06-15,"1,118,679,205원",11명,"1, 7, 14, 20, 34, 37"
551,2013-06-22,"13,526,973,750원",1명,"3, 6, 20, 24, 27, 44"
552,2013-06-29,"1,330,824,225원",10명,"1, 10, 20, 32, 35, 40"
553,2013-07-06,"2,249,631,438원",6명,"2, 7, 17, 28, 29, 39"
554,2013-07-13,"6,813,893,625원",2명,"13, 14, 17, 32, 41, 42"
555,2013-07-20,"1,711,027,360원",8명,"11, 17, 21, 24, 26, 36"
556,2013-07-27,"2,005,209,161원",7명,"12, 20, 23, 28, 30, 44"
557,2013-08-03,"1,888,069,286원",7명,"4, 20, 26, 28, 35, 40"
558,2013-08-10,"1,315,913,663원",10명,"12, 15, 19, 26, 40, 43"
559,2013-08-17,"1,926,145,608원",7명,"11, 12, 25, 32, 44, 45"
560,2013-08-24,"1,976,697,215원",7명,"1, 4, 20, 23, 29, 45"
561,2013-08-31,"2,753,712,225원",5명,"5, 7, 18, 37, 42, 45"
562,2013-09-07,"1,166,694,614원",11명,"4, 11, 13, 17, 20, 31"
563,2013-09-14,"1,932,735,643원",7명,"5, 10, 16, 17, 31, 32"
564,2013-09-21,"1,934,801,143원",7명,"14, 19, 25, 26, 27, 34"
565,2013-09-28,"1,742,064,469원",8명,"4, 10, 18, 27, 40, 45"
566,2013-10-05,"3,508,951,032원",4명,"4, 5, 6, 25, 26, 43"
567,2013-10-12,"2,318,659,438원",6명,"1, 10, 15, 16, 32, 41"
568,2013-10-19,"1,305,167,550원",10명,"1, 3, 17, 20, 31, 44"
569,2013-10-26,"3,467,925,188원",4명,"3, 6, 13, 23, 24, 35"
570,2013-11-02,"1,527,791,625원",9명,"1, 12, 26, 27, 29, 33"
571,2013-11-09,"1,966,538,465원",7명,"11, 18, 21, 26, 38, 43"
572,2013-11-16,"1,668,216,188원",8명,"3, 13, 18, 33, 37, 45"
573,2013-11-23,"1,645,691,766원",8명,"2, 4, 20, 34, 35, 43"
574,2013-11-30,"6,965,184,938원",2명,"14, 15, 16, 19, 25, 43"
575,2013-12-07,"1,699,267,875원",8명,"2, 8, 20, 30, 33, 34"
576,2013-12-14,"4,321,966,000원",3명,"10, 11, 15, 25, 35, 41"
577,2013-12-21,"4,484,438,375원",3명,"16, 17, 22, 31, 34, 37"
578,2013-12-28,"2,796,466,575원",5명,"5, 12, 14, 32, 34, 42"
579,2014-01-04,"1,396,068,444원",11명,"5, 7, 20, 22, 37, 42"
580,2014-01-11,"2,028,610,500원",7명,"5, 7, 9, 11, 32, 35"
581,2014-01-18,"1,844,554,547원",8명,"3, 5, 14, 20, 42, 44"
582,2014-01-25,"3,560,558,719원",4명,"2, 12, 14, 33, 40, 41"
583,2014-02-01,"1,341,848,353원",11명,"8, 17, 27, 33, 40, 44"
584,2014-02-08,"5,033,183,250원",3명,"7, 18, 30, 39, 40, 41"
585,2014-02-15,"1,620,546,334원",9명,"6, 7, 10, 16, 38, 41"
586,2014-02-22,"1,778,354,344원",8명,"2, 7, 12, 15, 21, 34"
587,2014-03-01,"4,974,577,375원",3명,"14, 21, 29, 31, 32, 37"
588,2014-03-08,"2,889,342,075원",5명,"2, 8, 15, 22, 25, 41"
589,2014-03-15,"2,136,877,983원",7명,"6, 8, 28, 33, 38, 39"
590,2014-03-22,"2,185,183,983원",7명,"20, 30, 36, 38, 41, 45"
591,2014-03-29,"2,964,676,200원",5명,"8, 13, 14, 30, 38, 39"
592,2014-04-05,"2,356,381,688원",6명,"2, 5, 6, 13, 28, 44"
593,2014-04-12,"1,532,833,500원",9명,"9, 10, 13, 24, 33, 38"
594,2014-04-19,"1,255,592,796원",11명,"2, 8, 13, 25, 28, 37"
595,2014-04-26,"1,744,525,219원",8명,"8, 24, 28, 35, 38, 40"
596,2014-05-03,"1,328,267,663원",10명,"3, 4, 12, 14, 25, 43"
597,2014-05-10,"1,057,920,606원",13명,"8, 10, 23, 24, 35, 43"
598,2014-05-17,"833,998,594원",16명,"4, 12, 24, 33, 38, 45"
599,2014-05-24,"1,710,918,329원",8명,"5, 12, 17, 29, 34, 35"
600,2014-05-31,"901,798,725원",15명,"5, 11, 14, 27, 29, 36"
601,2014-06-07,"1,524,565,209원",9명,"2, 16, 19, 31, 34, 35"
602,2014-06-14,"1,689,530,860원",8명,"13, 14, 22, 27, 30, 38"
603,2014-06-21,"3,452,136,563원",4명,"2, 19, 25, 26, 27, 43"
604,2014-06-28,"1,229,141,557원",11명,"2, 6, 18, 21, 33, 34"
605,2014-07-05,"1,394,232,250원",9명,"1, 2, 7, 9, 10, 38"
606,2014-07-12,"1,311,566,850원",10명,"1, 5, 6, 14, 20, 39"
607,2014-07-19,"3,494,480,907원",4명,"8, 14, 23, 36, 38, 39"
608,2014-07-26,"1,943,530,018원",7명,"4, 8, 18, 19, 39, 44"
609,2014-08-02,"6,339,311,438원",2명,"4, 8, 27, 34, 39, 40"
610,2014-08-09,"3,516,018,375원",4명,"14, 18, 20, 23, 28, 36"
611,2014-08-16,"3,502,706,157원",4명,"2, 22, 27, 33, 36, 37"
612,2014-08-23,"1,181,705,250원",11명,"6, 9, 18, 19, 25, 33"
613,2014-08-30,"1,549,831,209원",9명,"7, 8, 11, 16, 41, 44"
614,2014-09-06,"2,540,975,438원",6명,"8, 21, 25, 39, 40, 44"
615,2014-09-13,"1,535,062,417원",9명,"10, 17, 18, 19, 23, 27"
616,2014-09-20,"1,611,811,250원",9명,"5, 13, 18, 23, 40, 45"
617,2014-09-27,"1,629,701,860원",8명,"4, 5, 11, 12, 24, 27"
618,2014-10-04,"2,881,326,225원",5명,"8, 16, 25, 30, 42, 43"
619,2014-10-11,"4,612,479,375원",3명,"6, 8, 13, 30, 35, 40"
620,2014-10-18,"2,028,283,233원",7명,"2, 16, 17, 32, 39, 45"
621,2014-10-25,"2,359,723,500원",6명,"1, 2, 6, 16, 19, 42"
622,2014-11-01,"1,630,598,292원",9명,"9, 15, 16, 21, 28, 34"
623,2014-11-08,"1,813,702,594원",8명,"7, 13, 30, 39, 41, 45"
624,2014-11-15,"2,763,729,450원",5명,"1, 7, 19, 26, 27, 35"
625,2014-11-22,"2,765,184,675원",5명,"3, 6, 7, 20, 21, 39"
626,2014-11-29,"1,717,871,110원",8명,"13, 14, 26, 33, 40, 43"
627,2014-12-06,"1,352,230,650원",10명,"2, 9, 22, 25, 31, 45"
628,2014-12-13,"1,499,942,875원",9명,"1, 7, 12, 15, 23, 42"
629,2014-12-20,"2,919,433,575원",5명,"19, 28, 31, 38, 43, 44"
630,2014-12-27,"4,836,305,500원",3명,"8, 17, 21, 24, 27, 31"
631,2015-01-03,"3,919,853,532원",4명,"1, 2, 4, 23, 31, 34"
632,2015-01-10,"1,432,587,716원",11명,"15, 18, 21, 32, 35, 44"
633,2015-01-17,"1,217,257,094원",12명,"9, 12, 19, 20, 39, 41"
634,2015-01-24,"1,077,935,106원",13명,"4, 10, 11, 12, 20, 27"
635,2015-01-31,"1,855,587,235원",8명,"11, 13, 25, 26, 29, 33"
636,2015-02-07,"1,832,362,219원",8명,"6, 7, 15, 16, 20, 31"
637,2015-02-14,"3,899,241,094원",4명,"3, 16, 22, 37, 38, 44"
638,2015-02-21,"2,229,403,179원",7명,"7, 18, 22, 24, 31, 34"
639,2015-02-28,"4,061,185,219원",4명,"6, 15, 22, 23, 25, 32"
640,2015-03-07,"1,728,768,834원",9명,"14, 15, 18, 21, 26, 35"
641,2015-03-14,"1,990,074,563원",8명,"11, 18, 21, 36, 37, 43"
642,2015-03-21,"1,251,460,438원",12명,"8, 17, 18, 24, 39, 45"
643,2015-03-28,"2,535,763,625원",6명,"15, 24, 31, 32, 33, 40"
644,2015-04-04,"1,831,451,204원",8명,"5, 13, 17, 23, 28, 36"
645,2015-04-11,"3,696,297,750원",4명,"1, 4, 16, 26, 40, 41"
646,2015-04-18,"2,215,498,393원",7명,"2, 9, 24, 41, 43, 45"
647,2015-04-25,"2,189,725,608원",7명,"5, 16, 21, 23, 24, 30"
648,2015-05-02,"2,120,987,947원",7명,"13, 19, 28, 37, 38, 43"
649,2015-05-09,"2,948,042,100원",5명,"3, 21, 22, 33, 41, 42"
650,2015-05-16,"2,849,298,900원",5명,"3, 4, 7, 11, 31, 41"
651,2015-05-23,"1,855,306,454원",8명,"11, 12, 16, 26, 29, 44"
652,2015-05-30,"3,003,483,525원",5명,"3, 13, 15, 40, 41, 44"
653,2015-06-06,"980,958,670원",14명,"5, 6, 26, 27, 38, 39"
654,2015-06-13,"1,879,301,391원",8명,"16, 21, 26, 31, 36, 43"
655,2015-06-20,"1,661,439,625원",9명,"7, 37, 38, 39, 40, 44"
656,2015-06-27,"7,330,002,750원",2명,"3, 7, 14, 16, 31, 40"
657,2015-07-04,"1,694,762,792원",9명,"10, 14, 19, 39, 40, 43"
658,2015-07-11,"1,634,031,375원",9명,"8, 19, 25, 28, 32, 36"
659,2015-07-18,"1,336,604,216원",11명,"7, 18, 19, 27, 29, 42"
660,2015-07-25,"1,421,272,575원",10명,"4, 9, 23, 33, 39, 44"
661,2015-08-01,"1,713,025,547원",8명,"2, 3, 12, 20, 27, 38"
662,2015-08-08,"1,689,733,688원",8명,"5, 6, 9, 11, 15, 37"
663,2015-08-15,"2,080,244,143원",7명,"3, 5, 8, 19, 38, 42"
664,2015-08-22,"1,536,801,338원",10명,"10, 20, 33, 36, 41, 44"
665,2015-08-29,"3,643,230,375원",4명,"5, 6, 11, 17, 38, 44"
666,2015-09-05,"2,396,901,063원",6명,"2, 4, 6, 11, 17, 28"
667,2015-09-12,"2,228,764,393원",7명,"15, 17, 25, 37, 42, 43"
668,2015-09-19,"2,991,158,625원",5명,"12, 14, 15, 24, 27, 32"
669,2015-09-26,"2,708,173,188원",6명,"7, 8, 20, 29, 33, 38"
670,2015-10-03,"1,191,725,219원",12명,"11, 18, 26, 27, 40, 41"
671,2015-10-10,"3,722,322,844원",4명,"7, 9, 10, 13, 31, 35"
672,2015-10-17,"1,754,745,000원",9명,"8, 21, 28, 31, 36, 45"
673,2015-10-24,"1,491,453,300원",10명,"7, 10, 17, 29, 33, 44"
674,2015-10-31,"1,770,565,500원",8명,"9, 10, 14, 25, 27, 31"
675,2015-11-07,"3,514,549,032원",4명,"1, 8, 11, 15, 18, 45"
676,2015-11-14,"1,879,726,500원",8명,"1, 8, 17, 34, 39, 45"
677,2015-11-21,"1,921,114,407원",8명,"12, 15, 24, 36, 41, 44"
678,2015-11-28,"2,288,490,188원",6명,"4, 5, 6, 12, 25, 37"
679,2015-12-05,"2,863,005,600원",5명,"3, 5, 7, 14, 26, 34"
680,2015-12-12,"1,110,570,563원",14명,"4, 10, 19, 29, 32, 42"
681,2015-12-19,"2,696,328,938원",6명,"21, 24, 27, 29, 43, 44"
682,2015-12-26,"4,063,713,563원",4명,"17, 23, 27, 35, 38, 43"
683,2016-01-02,"1,010,930,883원",16명,"6, 13, 20, 27, 28, 40"
684,2016-01-09,"1,688,815,709원",9명,"1, 11, 15, 17, 25, 39"
685,2016-01-16,"1,494,367,671원",11명,"6, 7, 12, 28, 38, 40"
686,2016-01-23,"1,937,531,719원",8명,"7, 12, 15, 24, 25, 43"
687,2016-01-30,"2,720,029,313원",6명,"1, 8, 10, 13, 28, 42"
688,2016-02-06,"1,967,536,750원",9명,"5, 15, 22, 23, 34, 35"
689,2016-02-13,"2,321,775,911원",7명,"7, 17, 19, 30, 36, 38"
690,2016-02-20,"1,126,507,625원",15명,"24, 25, 33, 34, 38, 39"
691,2016-02-27,"2,839,296,750원",6명,"15, 27, 33, 35, 43, 45"
692,2016-03-05,"2,301,273,697원",7명,"3, 11, 14, 15, 32, 36"
693,2016-03-12,"1,642,763,813원",10명,"1, 6, 11, 28, 34, 42"
694,2016-03-19,"1,555,036,388원",10명,"7, 15, 20, 25, 33, 43"
695,2016-03-26,"1,450,214,830원",11명,"4, 18, 26, 33, 34, 38"
696,2016-04-02,"1,632,054,413원",10명,"1, 7, 16, 18, 34, 38"
697,2016-04-09,"1,531,443,038원",10명,"2, 5, 8, 11, 33, 39"
698,2016-04-16,"1,921,084,125원",8명,"3, 11, 13, 21, 33, 37"
699,2016-04-23,"1,995,411,375원",8명,"4, 5, 8, 16, 21, 29"
700,2016-04-30,"2,082,099,188원",8명,"11, 23, 28, 29, 30, 44"
701,2016-05-07,"1,583,183,175원",10명,"3, 10, 14, 16, 36, 38"
702,2016-05-14,"1,465,091,387원",11명,"3, 13, 16, 24, 26, 29"
703,2016-05-21,"3,235,784,100원",5명,"10, 28, 31, 33, 41, 44"
704,2016-05-28,"3,865,190,344원",4명,"1, 4, 8, 23, 33, 42"
705,2016-06-04,"3,987,206,532원",4명,"1, 6, 17, 22, 28, 45"
706,2016-06-11,"3,831,746,063원",4명,"3, 4, 6, 10, 28, 30"
707,2016-06-18,"1,322,167,313원",12명,"2, 12, 19, 24, 39, 44"
708,2016-06-25,"4,099,552,219원",4명,"2, 10, 16, 19, 34, 45"
709,2016-07-02,"1,165,271,625원",14명,"10, 18, 30, 36, 39, 44"
710,2016-07-09,"2,895,441,150원",5명,"3, 4, 9, 24, 25, 33"
711,2016-07-16,"2,277,413,358원",7명,"11, 15, 24, 35, 37, 45"
712,2016-07-23,"4,034,485,125원",4명,"17, 20, 30, 31, 33, 45"
713,2016-07-30,"1,714,720,917원",9명,"2, 5, 15, 18, 19, 23"
714,2016-08-06,"2,085,131,733원",7명,"1, 7, 22, 33, 37, 40"
715,2016-08-13,"2,605,510,438원",6명,"2, 7, 27, 33, 41, 44"
716,2016-08-20,"1,358,752,157원",12명,"2, 6, 13, 16, 29, 30"
717,2016-08-27,"2,702,433,688원",6명,"2, 11, 19, 25, 28, 32"
718,2016-09-03,"926,166,464원",17명,"4, 11, 20, 23, 32, 39"
719,2016-09-10,"1,879,581,334원",9명,"4, 8, 13, 19, 20, 43"
720,2016-09-17,"1,233,770,358원",14명,"1, 12, 29, 34, 36, 37"
721,2016-09-24,"2,273,767,360원",8명,"1, 28, 35, 41, 43, 44"
722,2016-10-01,"4,365,422,719원",4명,"12, 14, 21, 30, 39, 43"
723,2016-10-08,"2,114,365,360원",8명,"20, 30, 33, 35, 36, 44"
724,2016-10-15,"1,427,789,813원",12명,"2, 8, 33, 35, 37, 41"
725,2016-10-22,"1,579,217,250원",11명,"6, 7, 19, 21, 41, 43"
726,2016-10-29,"1,166,872,634원",14명,"1, 11, 21, 23, 34, 44"
727,2016-11-05,"1,115,107,742원",14명,"7, 8, 10, 19, 21, 31"
728,2016-11-12,"3,243,464,400원",5명,"3, 6, 10, 30, 34, 37"
729,2016-11-19,"4,198,250,719원",4명,"11, 17, 21, 26, 36, 45"
730,2016-11-26,"2,017,382,110원",8명,"4, 10, 14, 15, 18, 22"
731,2016-12-03,"2,340,471,054원",7명,"2, 7, 13, 25, 42, 45"
732,2016-12-10,"2,203,270,608원",7명,"2, 4, 5, 17, 27, 32"
733,2016-12-17,"4,016,725,125원",4명,"11, 24, 32, 33, 35, 40"
734,2016-12-24,"1,949,395,500원",9명,"6, 16, 37, 38, 41, 45"
735,2016-12-31,"1,847,231,588원",10명,"5, 10, 13, 27, 37, 41"
736,2017-01-07,"3,397,362,225원",5명,"2, 11, 17, 18, 21, 27"
737,2017-01-14,"4,283,061,000원",4명,"13, 15, 18, 24, 27, 41"
738,2017-01-21,"1,634,191,091원",11명,"23, 27, 28, 38, 42, 43"
739,2017-01-28,"4,744,122,282원",4명,"7, 22, 29, 33, 34, 35"
740,2017-02-04,"936,929,792원",18명,"4, 8, 9, 16, 17, 19"
741,2017-02-11,"3,043,595,938원",6명,"5, 21, 27, 34, 44, 45"
742,2017-02-18,"1,111,814,813원",16명,"8, 10, 13, 36, 37, 40"
743,2017-02-25,"2,608,641,000원",7명,"15, 19, 21, 34, 41, 44"
744,2017-03-04,"1,155,411,575원",15명,"10, 15, 18, 21, 34, 41"
745,2017-03-11,"746,822,982원",20명,"1, 2, 3, 9, 12, 23"
746,2017-03-18,"2,038,623,709원",9명,"3, 12, 33, 36, 42, 45"
747,2017-03-25,"1,903,214,584원",9명,"7, 9, 12, 14, 23, 28"
748,2017-04-01,"1,928,246,542원",9명,"3, 10, 13, 22, 31, 32"
749,2017-04-08,"1,350,104,395원",13명,"12, 14, 24, 26, 34, 45"
750,2017-04-15,"2,522,104,286원",7명,"1, 2, 15, 19, 24, 36"
751,2017-04-22,"2,097,968,110원",8명,"3, 4, 16, 20, 28, 44"
752,2017-04-29,"1,870,358,834원",9명,"4, 16, 20, 33, 40, 43"
753,2017-05-06,"2,711,105,063원",6명,"2, 17, 19, 24, 37, 41"
754,2017-05-13,"3,427,542,000원",5명,"2, 8, 17, 24, 29, 31"
755,2017-05-20,"2,214,427,266원",8명,"13, 14, 26, 28, 30, 36"
756,2017-05-27,"3,414,434,700원",5명,"10, 14, 16, 18, 27, 28"
757,2017-06-03,"739,839,858원",21명,"6, 7, 11, 17, 33, 44"
758,2017-06-10,"2,078,969,954원",8명,"5, 9, 12, 30, 39, 43"
759,2017-06-17,"3,032,670,500원",6명,"9, 33, 36, 40, 42, 43"
760,2017-06-24,"2,253,299,391원",8명,"10, 22, 27, 31, 42, 43"
761,2017-07-01,"2,392,730,518원",7명,"4, 7, 11, 24, 42, 45"
762,2017-07-08,"1,631,432,063원",10명,"1, 3, 12, 21, 26, 41"
763,2017-07-15,"2,138,130,000원",8명,"3, 8, 16, 32, 34, 43"
764,2017-07-22,"2,459,975,465원",7명,"7, 22, 24, 31, 34, 36"
765,2017-07-29,"1,109,214,250원",15명,"1, 3, 8, 12, 42, 43"
766,2017-08-05,"2,173,637,297원",8명,"9, 30, 34, 35, 39, 41"
767,2017-08-12,"1,163,768,725원",15명,"5, 15, 20, 31, 34, 42"
768,2017-08-19,"1,363,572,260원",13명,"7, 27, 29, 30, 38, 44"
769,2017-08-26,"1,930,760,042원",9명,"5, 7, 11, 16, 41, 45"
770,2017-09-02,"2,163,099,329원",8명,"1, 9, 12, 23, 39, 43"
771,2017-09-09,"4,362,644,907원",4명,"6, 10, 17, 18, 21, 29"
772,2017-09-16,"1,769,608,838원",10명,"5, 6, 11, 14, 21, 41"
773,2017-09-23,"1,609,403,080원",11명,"8, 12, 19, 21, 31, 35"
774,2017-09-30,"1,709,721,512원",11명,"12, 15, 18, 28, 34, 42"
775,2017-10-07,"3,470,437,650원",5명,"11, 12, 29, 33, 38, 42"
776,2017-10-14,"2,557,579,393원",7명,"8, 9, 18, 21, 28, 40"
777,2017-10-21,"833,468,036원",21명,"6, 12, 17, 21, 34, 37"
778,2017-10-28,"6,264,069,500원",3명,"6, 21, 35, 36, 37, 41"
779,2017-11-04,"1,527,709,296원",11명,"6, 12, 19, 24, 34, 41"
780,2017-11-11,"1,667,520,137원",11명,"15, 17, 19, 21, 27, 45"
781,2017-11-18,"1,882,891,542원",9명,"11, 16, 18, 19, 24, 39"
782,2017-11-25,"1,946,487,625원",9명,"6, 18, 31, 34, 38, 45"
783,2017-12-02,"4,603,964,625원",4명,"14, 15, 16, 17, 38, 45"
784,2017-12-09,"1,908,678,000원",9명,"3, 10, 23, 24, 31, 39"
785,2017-12-16,"2,886,622,688원",6명,"4, 6, 15, 25, 26, 33"
786,2017-12-23,"4,551,365,250원",4명,"12, 15, 16, 20, 24, 30"
787,2017-12-30,"3,092,108,313원",6명,"5, 6, 13, 16, 27, 28"
788,2018-01-06,"1,401,475,154원",13명,"2, 10, 11, 19, 35, 39"
789,2018-01-13,"1,140,976,825원",15명,"2, 6, 7, 12, 19, 45"
790,2018-01-20,"1,160,516,274원",16명,"3, 8, 19, 27, 30, 41"
791,2018-01-27,"1,253,081,893원",14명,"2, 10, 12, 31, 33, 42"
792,2018-02-03,"2,655,736,768원",7명,"2, 7, 19, 25, 29, 36"
793,2018-02-10,"3,750,146,775원",5명,"10, 15, 21, 35, 38, 43"
794,2018-02-17,"2,650,940,304원",7명,"6, 7, 18, 19, 30, 38"
795,2018-02-24,"1,714,977,000원",11명,"3, 10, 13, 26, 34, 38"
796,2018-03-03,"2,763,490,340원",7명,"1, 21, 26, 36, 40, 41"
797,2018-03-10,"2,397,028,125원",8명,"5, 22, 31, 32, 39, 45"
798,2018-03-17,"2,710,791,911원",7명,"2, 10, 14, 22, 32, 36"
799,2018-03-24,"1,826,427,225원",10명,"12, 17, 23, 34, 42, 45"
800,2018-03-31,"1,632,246,205원",11명,"1, 4, 10, 12, 28, 45"
801,2018-04-07,"2,256,786,657원",8명,"17, 25, 28, 37, 43, 44"
802,2018-04-14,"1,082,947,993원",16명,"10, 11, 12, 18, 24, 42"
803,2018-04-21,"3,663,810,225원",5명,"5, 9, 14, 26, 30, 43"
804,2018-04-28,"1,631,996,523원",11명,"1, 10, 13, 26, 32, 36"
805,2018-05-05,"4,266,061,969원",4명,"3, 12, 13, 18, 31, 32"
806,2018-05-12,"2,640,760,875원",7명,"14, 20, 23, 31, 37, 38"
807,2018-05-19,"2,437,662,322원",7명,"6, 10, 18, 25, 34, 35"
808,2018-05-26,"3,087,620,500원",6명,"15, 21, 31, 32, 41, 43"
809,2018-06-02,"2,921,372,750원",6명,"6, 11, 15, 17, 23, 40"
810,2018-06-09,"2,231,598,047원",8명,"5, 10, 13, 21, 39, 43"
811,2018-06-16,"2,524,148,197원",7명,"8, 11, 19, 21, 36, 45"
812,2018-06-23,"2,947,954,750원",6명,"1, 3, 12, 14, 16, 43"
813,2018-06-30,"4,591,763,157원",4명,"11, 30, 34, 35, 42, 44"
814,2018-07-07,"3,067,192,063원",6명,"2, 21, 28, 38, 42, 45"
815,2018-07-14,"2,579,855,358원",7명,"17, 21, 25, 26, 27, 36"
816,2018-07-21,"2,128,107,938원",8명,"12, 18, 19, 29, 31, 39"
817,2018-07-28,"1,868,477,334원",9명,"3, 9, 12, 13, 25, 43"
818,2018-08-04,"1,380,804,318원",13명,"14, 15, 25, 28, 29, 30"
819,2018-08-11,"2,594,534,840원",7명,"16, 25, 33, 38, 40, 45"
820,2018-08-18,"4,627,313,532원",4명,"10, 21, 22, 30, 35, 42"
821,2018-08-25,"1,316,155,956원",14명,"1, 12, 13, 24, 29, 44"
822,2018-09-01,"5,930,898,625원",3명,"9, 18, 20, 24, 27, 36"
823,2018-09-08,"2,009,843,917원",9명,"12, 18, 24, 26, 39, 40"
824,2018-09-15,"1,256,646,550원",15명,"7, 9, 24, 29, 34, 38"
825,2018-09-22,"1,658,710,563원",12명,"8, 15, 21, 31, 33, 38"
826,2018-09-29,"2,075,192,084원",9명,"13, 16, 24, 25, 33, 36"
827,2018-10-06,"1,206,500,375원",15명,"5, 11, 12, 29, 33, 44"
828,2018-10-13,"1,455,185,972원",13명,"4, 7, 13, 29, 31, 39"
829,2018-10-20,"2,444,650,641원",8명,"4, 5, 31, 35, 43, 45"
830,2018-10-27,"2,060,528,750원",9명,"5, 6, 16, 18, 37, 38"
831,2018-11-03,"1,110,702,258원",16명,"3, 10, 16, 19, 31, 39"
832,2018-11-10,"2,088,204,584원",9명,"13, 14, 19, 26, 40, 43"
833,2018-11-17,"2,356,317,282원",8명,"12, 18, 30, 39, 41, 42"
834,2018-11-24,"1,690,693,671원",11명,"6, 8, 18, 35, 42, 43"
835,2018-12-01,"1,233,681,125원",15명,"9, 10, 13, 28, 38, 45"
836,2018-12-08,"1,257,843,670원",14명,"1, 9, 11, 14, 26, 28"
837,2018-12-15,"3,144,449,125원",6명,"2, 25, 28, 30, 33, 45"
838,2018-12-22,"3,813,733,050원",5명,"9, 14, 17, 33, 36, 38"
839,2018-12-29,"1,359,454,904원",13명,"3, 9, 11, 12, 13, 19"
840,2019-01-05,"2,042,961,788원",10명,"2, 4, 11, 28, 29, 43"
841,2019-01-12,"1,116,095,714원",17명,"5, 11, 14, 30, 33, 38"
842,2019-01-19,"2,035,475,025원",10명,"14, 26, 32, 36, 39, 42"
843,2019-01-26,"4,012,970,100원",5명,"19, 21, 30, 33, 34, 42"
844,2019-02-02,"1,162,963,542원",18명,"7, 8, 13, 15, 33, 45"
845,2019-02-09,"1,891,217,182원",11명,"1, 16, 29, 33, 40, 45"
846,2019-02-16,"1,596,884,395원",13명,"5, 18, 30, 41, 43, 45"
847,2019-02-23,"2,520,846,657원",8명,"12, 16, 26, 28, 30, 42"
848,2019-03-02,"3,011,580,858원",7명,"1, 2, 16, 22, 38, 39"
849,2019-03-09,"1,158,252,883원",17명,"5, 13, 17, 29, 34, 39"
850,2019-03-16,"3,377,587,875원",6명,"16, 20, 24, 28, 36, 39"
851,2019-03-23,"2,483,692,313원",8명,"14, 18, 22, 26, 31, 44"
852,2019-03-30,"4,801,543,407원",4명,"11, 17, 28, 30, 33, 35"
853,2019-04-06,"2,885,006,786원",7명,"2, 8, 23, 26, 27, 44"
854,2019-04-13,"3,421,706,750원",6명,"20, 25, 31, 32, 36, 43"
855,2019-04-20,"2,269,510,500원",9명,"8, 15, 17, 19, 43, 44"
856,2019-04-27,"3,977,927,550원",5명,"10, 24, 40, 41, 43, 44"
857,2019-05-04,"1,284,915,425원",15명,"6, 10, 16, 28, 34, 38"
858,2019-05-11,"2,202,347,459원",9명,"9, 13, 32, 38, 39, 43"
859,2019-05-18,"1,853,927,489원",11명,"8, 22, 35, 38, 39, 41"
860,2019-05-25,"1,879,899,825원",10명,"4, 8, 18, 25, 27, 32"
861,2019-06-01,"4,872,108,844원",4명,"11, 17, 19, 21, 22, 25"
862,2019-06-08,"2,190,922,709원",9명,"10, 34, 38, 40, 42, 43"
863,2019-06-15,"2,853,357,322원",7명,"16, 21, 28, 35, 39, 43"
864,2019-06-22,"1,716,553,637원",11명,"3, 7, 10, 13, 25, 36"
865,2019-06-29,"1,551,729,145원",13명,"3, 15, 22, 32, 33, 45"
866,2019-07-06,"2,240,409,000원",9명,"9, 15, 29, 34, 37, 39"
867,2019-07-13,"3,933,755,250원",5명,"14, 17, 19, 22, 24, 40"
868,2019-07-20,"3,233,804,250원",6명,"12, 17, 28, 41, 43, 44"
869,2019-07-27,"1,922,582,588원",10명,"2, 6, 20, 27, 37, 39"
870,2019-08-03,"1,928,842,988원",10명,"21, 25, 30, 32, 40, 42"
871,2019-08-10,"2,718,071,358원",7명,"2, 6, 12, 26, 30, 34"
872,2019-08-17,"1,262,705,579원",16명,"2, 4, 30, 32, 33, 43"
873,2019-08-24,"1,874,553,225원",10명,"3, 5, 12, 13, 33, 39"
874,2019-08-31,"1,117,123,917원",18명,"1, 15, 19, 23, 28, 42"
875,2019-09-07,"1,415,946,724원",14명,"19, 22, 30, 34, 39, 44"
876,2019-09-14,"1,090,657,856원",19명,"5, 16, 21, 26, 34, 42"
877,2019-09-21,"1,716,607,188원",12명,"5, 17, 18, 22, 23, 43"
878,2019-09-28,"3,207,993,500원",6명,"2, 6, 11, 16, 25, 31"
879,2019-10-05,"3,206,361,313원",6명,"1, 4, 10, 14, 15, 35"
880,2019-10-12,"2,837,810,465원",7명,"7, 17, 19, 23, 24, 45"
881,2019-10-19,"2,503,212,282원",8명,"4, 18, 20, 26, 27, 32"
882,2019-10-26,"4,127,270,400원",5명,"18, 34, 39, 43, 44, 45"
883,2019-11-02,"1,360,519,525원",15명,"9, 18, 32, 33, 37, 44"
884,2019-11-09,"1,799,077,282원",12명,"4, 14, 23, 28, 37, 45"
885,2019-11-16,"1,543,832,568원",13명,"1, 3, 24, 27, 39, 45"
886,2019-11-23,"2,974,643,786원",7명,"19, 23, 28, 37, 42, 45"
887,2019-11-30,"2,535,268,688원",8명,"8, 14, 17, 27, 36, 45"
888,2019-12-07,"2,370,359,204원",8명,"3, 7, 12, 31, 34, 38"
889,2019-12-14,"2,108,986,950원",10명,"3, 13, 29, 38, 39, 42"
890,2019-12-21,"2,335,486,167원",9명,"1, 4, 14, 18, 29, 37"
891,2019-12-28,"3,082,673,947원",7명,"9, 13, 28, 31, 39, 41"
892,2020-01-04,"1,282,017,464원",17명,"4, 9, 17, 18, 26, 42"
893,2020-01-11,"2,377,433,625원",9명,"1, 15, 17, 23, 25, 41"
894,2020-01-18,"2,377,935,959원",9명,"19, 32, 37, 40, 41, 43"
895,2020-01-25,"1,928,079,219원",12명,"16, 26, 31, 38, 39, 41"
896,2020-02-01,"3,053,222,036원",7명,"5, 12, 25, 26, 38, 45"
897,2020-02-08,"1,619,922,520원",13명,"6, 7, 12, 22, 26, 36"
898,2020-02-15,"2,639,313,235원",8명,"18, 21, 28, 35, 37, 42"
899,2020-02-22,"3,359,356,063원",6명,"8, 19, 20, 21, 33, 39"
900,2020-02-29,"3,349,851,375원",6명,"7, 13, 16, 18, 35, 38"
901,2020-03-07,"2,267,974,667원",9명,"5, 18, 20, 23, 30, 34"
902,2020-03-14,"1,619,317,529원",13명,"7, 19, 23, 24, 36, 39"
903,2020-03-21,"1,684,582,212원",13명,"2, 15, 16, 21, 22, 28"
904,2020-03-28,"2,718,077,813원",8명,"2, 6, 8, 26, 43, 45"
905,2020-04-04,"3,017,862,536원",7명,"3, 4, 16, 27, 38, 40"
906,2020-04-11,"2,472,607,250원",9명,"2, 5, 14, 28, 31, 32"
907,2020-04-18,"3,165,059,036원",7명,"21, 27, 29, 38, 40, 44"
908,2020-04-25,"2,834,856,141원",8명,"3, 16, 21, 22, 23, 44"
909,2020-05-02,"2,021,062,875원",11명,"7, 24, 29, 30, 34, 35"
910,2020-05-09,"941,316,375원",21명,"1, 11, 17, 27, 35, 39"
911,2020-05-16,"2,113,538,625원",10명,"4, 5, 12, 14, 32, 42"
912,2020-05-23,"1,493,500,581원",14명,"5, 8, 18, 21, 22, 38"
913,2020-05-30,"1,338,755,602원",16명,"6, 14, 16, 21, 27, 37"
914,2020-06-06,"1,950,005,557원",11명,"16, 19, 24, 33, 42, 44"
915,2020-06-13,"3,518,640,500원",6명,"2, 6, 11, 13, 22, 37"
916,2020-06-20,"2,025,384,341원",11명,"6, 21, 22, 32, 35, 36"
917,2020-06-27,"2,144,799,638원",10명,"1, 3, 23, 24, 27, 43"
918,2020-07-04,"1,117,622,646원",18명,"7, 11, 12, 31, 33, 38"
919,2020-07-11,"4,305,150,450원",5명,"9, 14, 17, 18, 42, 44"
920,2020-07-18,"3,120,260,197원",7명,"2, 3, 26, 33, 34, 43"
921,2020-07-25,"1,232,573,405원",17명,"5, 7, 12, 22, 28, 41"
922,2020-08-01,"3,417,904,500원",6명,"2, 6, 13, 17, 27, 43"
923,2020-08-08,"2,667,554,625원",8명,"3, 17, 18, 23, 36, 41"
924,2020-08-15,"2,382,430,667원",9명,"3, 11, 34, 42, 43, 44"
925,2020-08-22,"1,771,080,532원",12명,"13, 24, 32, 34, 39, 42"
926,2020-08-29,"2,032,490,663원",10명,"10, 16, 18, 20, 25, 31"
927,2020-09-05,"3,714,203,875원",6명,"4, 15, 22, 38, 41, 43"
928,2020-09-12,"3,134,591,358원",7명,"3, 4, 10, 20, 28, 44"
929,2020-09-19,"1,308,035,157원",16명,"7, 9, 12, 15, 19, 23"
930,2020-09-26,"2,832,418,829원",8명,"8, 21, 25, 38, 39, 44"
931,2020-10-03,"2,957,108,063원",8명,"14, 15, 23, 25, 35, 43"
932,2020-10-10,"3,390,022,983원",7명,"1, 6, 15, 36, 37, 38"
933,2020-10-17,"2,927,797,079원",8명,"23, 27, 29, 31, 36, 45"
934,2020-10-24,"5,765,772,844원",4명,"1, 3, 30, 33, 36, 39"
935,2020-10-31,"1,711,055,424원",13명,"4, 10, 20, 32, 38, 44"
936,2020-11-07,"1,492,069,179원",14명,"7, 11, 13, 17, 18, 29"
937,2020-11-14,"2,058,420,819원",11명,"2, 10, 13, 22, 29, 40"
938,2020-11-21,"2,249,466,563원",10명,"4, 8, 10, 16, 31, 36"
939,2020-11-28,"1,708,363,039원",13명,"4, 11, 28, 39, 42, 45"
940,2020-12-05,"2,846,071,079원",8명,"3, 15, 20, 22, 24, 41"
941,2020-12-12,"1,347,297,422원",16명,"12, 14, 25, 27, 39, 40"
942,2020-12-19,"3,761,680,313원",6명,"10, 12, 18, 35, 42, 43"
943,2020-12-26,"3,435,045,108원",7명,"1, 8, 13, 36, 44, 45"
944,2021-01-02,"1,961,836,356원",13명,"2, 13, 16, 19, 32, 33"
945,2021-01-09,"1,765,554,491원",13명,"9, 10, 15, 30, 33, 37"
946,2021-01-16,"2,157,656,182원",11명,"9, 18, 19, 30, 34, 40"
947,2021-01-23,"1,275,855,750원",18명,"3, 8, 17, 20, 27, 35"
948,2021-01-30,"2,188,548,716원",11명,"13, 18, 30, 31, 38, 41"
949,2021-02-06,"2,458,569,713원",10명,"14, 21, 35, 36, 40, 44"
950,2021-02-13,"3,281,920,500원",8명,"3, 4, 15, 22, 28, 40"
951,2021-02-20,"1,747,552,661원",14명,"2, 12, 30, 31, 39, 43"
952,2021-02-27,"2,713,699,834원",9명,"4, 12, 22, 24, 33, 41"
953,2021-03-06,"1,640,636,009원",14명,"7, 9, 22, 27, 37, 42"
954,2021-03-13,"2,478,795,900원",10명,"1, 9, 26, 28, 30, 41"
955,2021-03-20,"2,023,170,188원",12명,"4, 9, 23, 26, 29, 33"
956,2021-03-27,"2,022,982,671원",11명,"10, 11, 20, 21, 25, 41"
957,2021-04-03,"2,126,634,137원",11명,"4, 15, 24, 35, 36, 40"
958,2021-04-10,"1,596,119,675원",15명,"2, 9, 10, 16, 35, 37"
959,2021-04-17,"3,015,312,891원",8명,"1, 14, 15, 24, 40, 41"
960,2021-04-24,"2,401,133,213원",10명,"2, 18, 24, 30, 32, 45"
961,2021-05-01,"2,575,231,209원",9명,"11, 20, 29, 31, 33, 42"
962,2021-05-08,"1,940,906,094원",12명,"1, 18, 28, 31, 34, 43"
963,2021-05-15,"1,476,478,125원",15명,"6, 12, 19, 23, 34, 42"
964,2021-05-22,"2,345,861,063원",10명,"6, 21, 36, 38, 39, 43"
965,2021-05-29,"3,403,348,929원",7명,"2, 13, 25, 28, 29, 36"
966,2021-06-05,"2,411,303,513원",10명,"1, 21, 25, 29, 34, 37"
967,2021-06-12,"5,809,776,094원",4명,"1, 6, 13, 37, 38, 40"
968,2021-06-19,"1,667,729,683원",13명,"2, 5, 12, 14, 24, 39"
969,2021-06-26,"1,149,427,894원",20명,"3, 9, 10, 29, 40, 45"
970,2021-07-03,"1,611,544,045원",14명,"9, 11, 16, 21, 28, 36"
971,2021-07-10,"3,725,880,250원",6명,"2, 6, 17, 18, 21, 26"
972,2021-07-17,"1,124,886,244원",20명,"3, 6, 17, 23, 37, 39"
973,2021-07-24,"2,912,742,750원",8명,"22, 26, 31, 37, 41, 42"
974,2021-07-31,"1,317,034,523원",17명,"1, 2, 11, 16, 39, 44"
975,2021-08-07,"2,440,410,375원",9명,"7, 8, 9, 17, 22, 24"
976,2021-08-14,"3,243,867,215원",7명,"4, 12, 14, 25, 35, 37"
977,2021-08-21,"1,669,905,911원",14명,"2, 9, 10, 14, 22, 44"
978,2021-08-28,"2,373,391,388원",10명,"1, 7, 15, 32, 34, 42"
979,2021-09-04,"1,606,400,518원",14명,"7, 11, 16, 21, 27, 33"
980,2021-09-11,"3,409,443,215원",7명,"3, 13, 16, 23, 24, 35"
981,2021-09-18,"1,992,863,193원",13명,"27, 36, 37, 41, 43, 45"
982,2021-09-25,"3,023,630,672원",8명,"5, 7, 13, 20, 21, 44"
983,2021-10-02,"2,503,422,225원",10명,"13, 23, 26, 31, 35, 43"
984,2021-10-09,"3,453,006,268원",7명,"3, 10, 23, 35, 36, 37"
985,2021-10-16,"2,434,752,975원",10명,"17, 21, 23, 30, 34, 44"
986,2021-10-23,"2,375,275,125원",10명,"7, 10, 16, 28, 41, 42"
987,2021-10-30,"2,378,711,625원",10명,"2, 4, 15, 23, 29, 38"
988,2021-11-06,"2,678,489,375원",9명,"2, 13, 20, 30, 31, 41"
989,2021-11-13,"5,826,768,563원",4명,"17, 18, 21, 27, 29, 33"
990,2021-11-20,"1,740,095,277원",14명,"2, 4, 25, 26, 36, 37"
991,2021-11-27,"2,904,166,032원",8명,"13, 18, 25, 31, 33, 44"
992,2021-12-04,"1,986,955,563원",12명,"12, 20, 26, 33, 44, 45"
993,2021-12-11,"3,991,197,063원",6명,"6, 14, 16, 18, 24, 42"
994,2021-12-18,"1,861,582,063원",12명,"1, 3, 8, 24, 27, 35"
995,2021-12-25,"3,447,271,875원",7명,"1, 4, 13, 29, 38, 39"
996,2022-01-01,"1,491,185,771원",18명,"6, 11, 15, 24, 32, 39"
997,2022-01-08,"1,253,749,560원",19명,"4, 7, 14, 16, 24, 44"
998,2022-01-15,"2,076,499,657원",12명,"13, 17, 18, 20, 42, 45"
999,2022-01-22,"1,513,274,790원",16명,"1, 3, 9, 14, 18, 28"
1000,2022-01-29,"1,246,819,620원",22명,"2, 8, 19, 22, 32, 42"
1001,2022-02-05,"2,077,279,594원",12명,"6, 10, 12, 14, 20, 42"
1002,2022-02-12,"3,088,449,563원",8명,"17, 25, 33, 35, 38, 45"
1003,2022-02-19,"1,811,116,822원",14명,"1, 4, 29, 39, 43, 45"
1004,2022-02-26,"2,576,251,913원",10명,"7, 15, 30, 37, 39, 44"
1005,2022-03-05,"2,061,199,344원",12명,"8, 13, 18, 24, 27, 29"
1006,2022-03-12,"2,855,602,125원",9명,"8, 11, 15, 16, 17, 37"
1007,2022-03-19,"2,718,786,375원",9명,"8, 11, 16, 19, 21, 25"
1008,2022-03-26,"2,267,377,910원",11명,"9, 11, 30, 31, 41, 44"
1009,2022-04-02,"1,702,462,825원",15명,"15, 23, 29, 34, 40, 44"
1010,2022-04-09,"3,119,380,079원",8명,"9, 12, 15, 25, 34, 36"
1011,2022-04-16,"2,220,348,512원",11명,"1, 9, 12, 26, 35, 38"
1012,2022-04-23,"1,861,944,318원",13명,"5, 11, 18, 20, 35, 45"
1013,2022-04-30,"5,047,570,725원",5명,"21, 22, 26, 34, 36, 41"
1014,2022-05-07,"2,410,449,338원",10명,"3, 11, 14, 18, 26, 27"
1015,2022-05-14,"3,051,105,610원",8명,"14, 23, 31, 33, 37, 40"
1016,2022-05-21,"2,260,660,671원",11명,"15, 26, 28, 34, 41, 42"
1017,2022-05-28,"3,517,684,822원",7명,"12, 18, 22, 23, 30, 34"
1018,2022-06-04,"12,361,744,688원",2명,"3, 19, 21, 25, 37, 45"
1019,2022-06-11,"438,565,140원",50명,"1, 4, 13, 17, 34, 39"
1020,2022-06-18,"1,966,431,520원",13명,"12, 27, 29, 38, 41, 45"
1021,2022-06-25,"2,108,962,250원",12명,"12, 15, 17, 24, 29, 45"
1022,2022-07-02,"4,866,468,075원",5명,"5, 6, 11, 29, 42, 45"
1023,2022-07-09,"2,745,677,875원",9명,"10, 14, 16, 18, 29, 35"
1024,2022-07-16,"3,020,323,500원",8명,"9, 18, 20, 22, 38, 44"
1025,2022-07-23,"6,118,853,344원",4명,"8, 9, 20, 25, 29, 33"
1026,2022-07-30,"1,619,118,475원",15명,"5, 12, 13, 31, 32, 41"
1027,2022-08-06,"2,460,504,338원",10명,"14, 16, 27, 35, 39, 45"
1028,2022-08-13,"1,181,235,132원",20명,"5, 7, 12, 13, 18, 35"
1029,2022-08-20,"2,527,848,450원",10명,"12, 30, 32, 37, 39, 41"
1030,2022-08-27,"1,276,406,507원",19명,"2, 5, 11, 17, 24, 29"
1031,2022-09-03,"3,213,957,563원",8명,"6, 7, 22, 32, 35, 36"
1032,2022-09-10,"2,675,257,538원",10명,"1, 6, 12, 19, 36, 42"
1033,2022-09-17,"1,913,414,943원",13명,"3, 11, 15, 20, 35, 44"
1034,2022-09-24,"2,868,856,209원",9명,"26, 31, 32, 33, 38, 40"
1035,2022-10-01,"3,231,193,735원",8명,"9, 14, 34, 35, 41, 42"
1036,2022-10-08,"2,837,323,167원",9명,"2, 5, 22, 32, 34, 45"
1037,2022-10-15,"1,708,576,825원",15명,"2, 14, 15, 22, 27, 33"
1038,2022-10-22,"1,627,457,225원",15명,"7, 16, 24, 27, 37, 44"
1039,2022-10-29,"1,585,019,672원",16명,"2, 3, 6, 19, 36, 39"
1040,2022-11-05,"3,660,482,625원",7명,"8, 16, 26, 29, 31, 36"
1041,2022-11-12,"935,091,165원",25명,"6, 7, 9, 11, 17, 18"
1042,2022-11-19,"1,240,663,669원",20명,"5, 14, 15, 23, 34, 43"
1043,2022-11-26,"1,468,646,956원",17명,"3, 5, 12, 22, 26, 31"
1044,2022-12-03,"3,136,941,235원",8명,"12, 17, 20, 26, 28, 36"
1045,2022-12-10,"1,990,060,443원",13명,"6, 14, 15, 19, 21, 41"
1046,2022-12-17,"2,011,415,719원",12명,"7, 16, 25, 29, 35, 36"
1047,2022-12-24,"2,748,797,875원",9명,"2, 20, 33, 40, 42, 44"
1048,2022-12-31,"1,612,494,508원",17명,"6, 12, 17, 21, 32, 39"
1049,2023-01-07,"1,727,810,100원",15명,"3, 5, 13, 20, 21, 37"
1050,2023-01-14,"1,535,083,280원",17명,"6, 12, 31, 35, 38, 43"
1051,2023-01-21,"1,669,558,480원",18명,"21, 26, 30, 32, 33, 35"
1052,2023-01-28,"2,341,682,762원",11명,"5, 17, 26, 27, 35, 38"
1053,2023-02-04,"4,090,367,411원",7명,"22, 26, 29, 30, 34, 45"
1054,2023-02-11,"3,147,925,709원",9명,"14, 19, 27, 28, 30, 45"
1055,2023-02-18,"2,362,815,205원",11명,"4, 7, 12, 14, 22, 33"
1056,2023-02-25,"1,969,662,456원",14명,"13, 20, 24, 32, 36, 45"
1057,2023-03-04,"1,616,069,714원",17명,"8, 13, 19, 27, 40, 45"
1058,2023-03-11,"2,058,020,250원",13명,"11, 23, 25, 30, 32, 40"
1059,2023-03-18,"2,033,168,481원",13명,"7, 10, 22, 25, 34, 40"
1060,2023-03-25,"898,238,907원",28명,"3, 10, 24, 33, 38, 45"
1061,2023-04-01,"2,422,768,773원",11명,"4, 24, 27, 35, 37, 45"
1062,2023-04-08,"3,801,933,804원",7명,"20, 31, 32, 40, 41, 45"
1063,2023-04-15,"3,770,311,875원",7명,"3, 6, 22, 23, 24, 38"
1064,2023-04-22,"1,348,168,106원",19명,"3, 6, 9, 18, 22, 35"
1065,2023-04-29,"1,852,593,938원",14명,"3, 18, 19, 23, 32, 45"
1066,2023-05-06,"1,670,947,250원",15명,"6, 11, 16, 19, 21, 32"
1067,2023-05-13,"1,981,114,010원",13명,"7, 10, 19, 23, 28, 33"
1068,2023-05-20,"1,363,929,514원",19명,"4, 7, 19, 26, 33, 35"
1069,2023-05-27,"1,863,217,554원",14명,"1, 10, 18, 22, 28, 31"
1070,2023-06-03,"1,859,116,929원",14명,"3, 6, 14, 22, 30, 41"
1071,2023-06-10,"5,183,979,750원",5명,"1, 2, 11, 21, 30, 35"
1072,2023-06-17,"2,175,006,375원",12명,"16, 18, 20, 23, 32, 43"
1073,2023-06-24,"2,345,227,603원",11명,"6, 18, 28, 30, 32, 38"
1074,2023-07-01,"2,134,763,657원",12명,"1, 6, 20, 27, 28, 41"
1075,2023-07-08,"2,896,337,167원",9명,"1, 23, 24, 35, 44, 45"
1076,2023-07-15,"2,672,689,750원",9명,"3, 7, 9, 33, 36, 37"
1077,2023-07-22,"3,570,901,018원",7명,"4, 8, 17, 30, 40, 43"
1078,2023-07-29,"2,141,604,938원",12명,"6, 10, 11, 14, 36, 38"
1079,2023-08-05,"2,712,329,417원",9명,"4, 8, 18, 24, 37, 45"
1080,2023-08-12,"3,639,444,429원",7명,"13, 16, 23, 31, 36, 44"
1081,2023-08-19,"2,343,892,944원",11명,"1, 9, 16, 23, 24, 38"
1082,2023-08-26,"3,720,489,643원",7명,"21, 26, 27, 32, 34, 42"
1083,2023-09-02,"1,713,084,525원",15명,"3, 7, 14, 15, 22, 38"
1084,2023-09-09,"1,738,764,600원",15명,"8, 12, 13, 29, 33, 42"
1085,2023-09-16,"1,073,277,473원",23명,"4, 7, 17, 18, 38, 44"
1086,2023-09-23,"1,515,913,809원",17명,"11, 16, 25, 27, 35, 36"
1087,2023-09-30,"1,732,253,602원",16명,"13, 14, 18, 21, 34, 44"
1088,2023-10-07,"2,434,697,898원",11명,"11, 21, 22, 30, 39, 44"
1089,2023-10-14,"2,978,522,167원",9명,"4, 18, 31, 37, 42, 43"
1090,2023-10-21,"2,386,494,614원",11명,"12, 19, 21, 29, 40, 45"
1091,2023-10-28,"2,898,470,459원",9명,"6, 20, 23, 24, 28, 30"
1092,2023-11-04,"1,583,289,844원",16명,"7, 18, 19, 26, 33, 45"
1093,2023-11-11,"1,967,040,750원",13명,"10, 17, 22, 30, 35, 43"
1094,2023-11-18,"2,112,854,469원",12명,"6, 7, 15, 22, 26, 40"
1095,2023-11-25,"2,617,825,575원",10명,"8, 14, 28, 29, 34, 40"
1096,2023-12-02,"2,539,391,175원",10명,"1, 12, 16, 19, 23, 43"
1097,2023-12-09,"3,864,293,090원",7명,"14, 33, 34, 35, 37, 40"
1098,2023-12-16,"1,930,461,895원",13명,"12, 16, 21, 24, 41, 43"
1099,2023-12-23,"2,959,934,125원",9명,"3, 20, 28, 38, 40, 43"
1100,2023-12-30,"2,207,575,472원",13명,"17, 26, 29, 30, 31, 43"
1101,2024-01-06,"2,100,529,500원",13명,"6, 7, 13, 28, 36, 42"
1102,2024-01-13,"1,383,591,413원",20명,"13, 14, 22, 26, 37, 38"
1103,2024-01-20,"1,574,419,633원",17명,"10, 12, 29, 31, 40, 44"
1104,2024-01-27,"1,817,193,100원",15명,"1, 7, 21, 30, 35, 38"
1105,2024-02-03,"1,834,853,800원",15명,"6, 16, 34, 37, 39, 40"
1106,2024-02-10,"2,790,462,819원",11명,"1, 3, 4, 29, 42, 45"
1107,2024-02-17,"2,025,625,233원",14명,"6, 14, 30, 31, 40, 41"
1108,2024-02-24,"1,957,990,849원",14명,"7, 19, 26, 37, 39, 44"
1109,2024-03-02,"1,584,352,875원",17명,"10, 12, 13, 19, 33, 40"
1110,2024-03-09,"1,647,392,719원",16명,"3, 7, 11, 20, 22, 41"
1111,2024-03-16,"1,714,662,540원",16명,"3, 13, 30, 33, 43, 45"
1112,2024-03-23,"2,804,455,650원",10명,"16, 20, 26, 36, 42, 44"
1113,2024-03-30,"1,987,426,822원",14명,"11, 13, 20, 21, 32, 44"
1114,2024-04-06,"1,583,813,824원",17명,"10, 16, 19, 32, 33, 38"
1115,2024-04-13,"2,257,278,282원",12명,"7, 12, 23, 32, 34, 36"
1116,2024-04-20,"2,695,000,238원",10명,"15, 16, 17, 25, 30, 31"
1117,2024-04-27,"3,028,385,542원",9명,"3, 4, 9, 30, 33, 36"
1118,2024-05-04,"1,477,445,132원",19명,"11, 13, 14, 15, 16, 45"
1119,2024-05-11,"1,396,028,764원",19명,"1, 9, 12, 13, 20, 45"
1120,2024-05-18,"2,522,163,375원",11명,"2, 19, 26, 31, 38, 41"
1121,2024-05-25,"2,524,513,262원",11명,"6, 24, 31, 32, 38, 44"
1122,2024-06-01,"2,556,266,046원",11명,"3, 6, 21, 30, 34, 35"
1123,2024-06-08,"1,731,310,711원",16명,"13, 19, 21, 24, 34, 35"
1124,2024-06-15,"2,623,327,913원",10명,"3, 8, 17, 30, 33, 34"
1125,2024-06-22,"2,195,289,188원",12명,"6, 14, 25, 33, 40, 44"
1126,2024-06-29,"2,386,382,421원",11명,"4, 5, 9, 11, 37, 40"
1127,2024-07-06,"2,267,891,969원",12명,"10, 15, 24, 30, 31, 37"
1128,2024-07-13,"419,925,560원",63명,"1, 5, 8, 16, 28, 33"
1129,2024-07-20,"2,369,567,660원",11명,"5, 10, 11, 17, 28, 34"
1130,2024-07-27,"2,263,301,219원",12명,"15, 19, 21, 25, 27, 28"
1131,2024-08-03,"1,542,367,898원",17명,"1, 2, 6, 14, 27, 38"
1132,2024-08-10,"2,404,951,807원",11명,"6, 7, 19, 28, 34, 41"
1133,2024-08-17,"2,105,079,491원",13명,"13, 14, 20, 28, 29, 34"
1134,2024-08-24,"1,755,689,384원",14명,"3, 7, 9, 13, 19, 24"
1135,2024-08-31,"2,953,726,125원",9명,"1, 6, 13, 19, 21, 33"
1136,2024-09-07,"2,314,468,157원",12명,"21, 33, 35, 38, 42, 44"
1137,2024-09-14,"2,023,447,688원",14명,"4, 9, 12, 15, 33, 45"
1138,2024-09-21,"1,902,656,786원",14명,"14, 16, 19, 20, 29, 34"
1139,2024-09-28,"2,167,490,972원",13명,"5, 12, 15, 30, 37, 40"
1140,2024-10-05,"2,279,823,938원",12명,"7, 10, 22, 29, 31, 38"
1141,2024-10-12,"2,457,758,285원",11명,"7, 11, 12, 21, 26, 35"
1142,2024-10-19,"3,117,517,709원",9명,"2, 8, 28, 30, 37, 41"
1143,2024-10-26,"2,545,657,023원",11명,"10, 16, 17, 27, 28, 36"
1144,2024-11-02,"1,489,347,375원",18명,"3, 4, 12, 15, 26, 34"
1145,2024-11-09,"3,051,630,084원",9명,"2, 11, 31, 33, 37, 44"
1146,2024-11-16,"2,526,476,353원",11명,"6, 11, 17, 19, 40, 43"
